config,bit_size,type,VIT_FIRST,VIT_MIDDLE,VIT_LAST,QFORMER_FIRST,QFORMER_MIDDLE,QFORMER_LAST,LLM_FIRST,LLM_MIDDLE,LLM_LAST,METEOR,CIDEr
1038,5,BOTH,1,1,0,1,1,1,1,1,1,0.027090543859866246,0.0024521732267133974
715,6,ATTENTION,0,0,0,1,1,1,0,0,0,0.27864433211692125,1.2844142984448899
61,16,MLP,0,0,0,1,1,1,0,0,0,0.2785208443350772,1.2852764152502318
618,6,MLP,0,0,0,1,1,1,1,1,1,0.24869652201794684,1.1075143853450542
448,8,ATTENTION,0,0,0,0,0,0,0,0,1,0.2785208443350772,1.2852764152502318
496,8,BOTH,1,1,1,0,0,0,1,1,1,0.27472194569104263,1.2682233929175837
506,8,BOTH,0,0,0,0,1,0,0,0,0,0.2786918902321742,1.2866667145005517
603,6,MLP,0,0,0,0,0,1,0,0,0,0.2785208443350772,1.2852764152502318
472,8,BOTH,0,1,0,1,1,1,1,1,1,0.2776646600198522,1.2851705169600975
885,5,MLP,0,0,0,1,1,0,1,1,1,0.15421579093383528,0.2041313520068872
722,6,ATTENTION,0,0,0,1,1,1,0,1,0,0.27864433211692125,1.2844142984448899
56,16,MLP,0,0,0,0,1,1,1,1,1,0.2785208443350772,1.2852764152502318
107,16,ATTENTION,0,0,1,0,0,0,0,0,0,0.2785208443350772,1.2852764152502318
661,6,ATTENTION,0,1,0,0,0,0,0,0,0,0.27826813793665484,1.284306905324892
890,5,MLP,0,0,0,1,0,1,0,0,0,0.2785208443350772,1.2852764152502318
906,5,MLP,1,1,1,1,1,1,0,1,0,0.09887386299897492,0.08498850615997862
505,8,BOTH,0,0,0,0,1,0,1,1,1,0.27813398692091595,1.277997524577381
544,8,BOTH,0,0,0,1,1,1,1,1,0,0.27868113751772783,1.2890080011561478
557,8,BOTH,0,0,0,0,0,0,1,1,1,0.2782263035104425,1.27793685233323
419,8,ATTENTION,1,1,1,1,1,0,0,0,0,0.277993415987267,1.2766317205629334
352,8,MLP,1,1,1,1,1,1,0,0,1,0.276065188349591,1.2674684202951911
972,5,ATTENTION,1,1,1,0,0,1,1,1,1,0.2467462912364597,1.069393423330704
75,16,MLP,0,0,0,1,1,1,0,0,1,0.2785208443350772,1.2852764152502318
804,6,BOTH,0,0,0,1,1,1,1,1,1,0.2501607002845491,1.1172199964203238
114,16,ATTENTION,1,0,1,0,0,0,1,1,1,0.27851928376294693,1.2852131063914425
745,6,BOTH,0,0,0,1,1,1,0,0,0,0.27864433211692125,1.2844142984448899
942,5,ATTENTION,0,0,1,1,1,1,0,0,0,0.27784459711386017,1.2688236642441308
0,16,MLP,0,0,0,1,1,1,1,1,1,0.2785208443350772,1.2852764152502318
1032,5,BOTH,0,1,0,0,0,0,1,1,1,0.044043055096547185,0.015892860399717244
882,5,MLP,0,0,0,0,0,1,0,0,0,0.2785208443350772,1.2852764152502318
556,8,BOTH,0,0,0,1,1,1,1,1,1,0.27815321332023424,1.279290014746267
130,16,ATTENTION,0,0,0,1,0,0,0,0,0,0.2785208443350772,1.2852764152502318
223,16,BOTH,0,0,0,1,0,0,0,0,0,0.2785208443350772,1.2852764152502318
528,8,BOTH,1,1,1,0,0,0,0,0,0,0.27598077688809675,1.269533057921874
838,5,MLP,0,0,0,1,1,1,0,0,0,0.2785208443350772,1.2852764152502318
662,6,ATTENTION,0,0,1,1,1,1,1,1,1,0.2772981643605246,1.2759272420976968
818,6,BOTH,1,1,1,0,0,0,0,0,1,0.23370372743450804,0.9867535623225446
540,8,BOTH,0,0,0,1,1,1,0,0,1,0.27640679288518205,1.2727463470302414
973,5,ATTENTION,1,1,1,0,0,1,0,0,0,0.2467462912364597,1.069393423330704
731,6,ATTENTION,0,0,0,0,0,0,1,1,0,0.2785208443350772,1.2852764152502318
3,16,MLP,1,0,0,1,1,1,1,1,1,0.2785271331383665,1.2852207375047249
717,6,ATTENTION,1,1,1,0,0,0,1,0,0,0.2670303343691356,1.1889801617742006
700,6,ATTENTION,0,0,0,1,1,0,0,0,0,0.2790987667292941,1.2851829380622215
405,8,ATTENTION,0,0,0,0,0,0,1,1,1,0.2785208443350772,1.2852764152502318
555,8,BOTH,1,1,1,0,0,0,1,1,1,0.27472194569104263,1.2682233929175837
351,8,MLP,0,0,0,0,0,0,0,1,0,0.27885490286904485,1.283110499675077
1017,5,ATTENTION,0,0,0,1,1,1,0,1,1,0.2776623289642982,1.2825037584404828
66,16,MLP,1,1,1,0,0,0,1,0,0,0.27851928376294693,1.2852131063914425
328,8,MLP,0,0,0,1,1,0,0,0,0,0.2785208443350772,1.2852764152502318
524,8,BOTH,1,1,1,1,1,1,0,0,0,0.27571901571095014,1.267514579489813
237,16,BOTH,1,1,1,1,0,1,0,0,0,0.27851928376294693,1.2852131063914425
840,5,MLP,1,0,0,1,1,1,1,1,1,0.1509907853929716,0.2038944802191001
272,16,BOTH,1,1,1,0,0,0,0,1,1,0.2785208443350772,1.2852764152502318
39,16,MLP,1,1,1,0,1,0,0,0,0,0.27851928376294693,1.2852131063914425
858,5,MLP,1,0,1,0,0,0,1,1,1,0.0413944217460613,0.0226471227489734
343,8,MLP,0,0,0,1,1,1,0,0,0,0.2785208443350772,1.2852764152502318
329,8,MLP,1,1,1,1,0,1,1,1,1,0.2759322079683527,1.2689976569023262
1007,5,ATTENTION,1,1,1,1,1,1,1,1,0,0.2471998820019974,1.0730299176968154
171,16,ATTENTION,1,1,1,0,0,0,1,1,0,0.27851928376294693,1.2852131063914425
95,16,ATTENTION,0,0,0,0,0,0,1,1,1,0.2785208443350772,1.2852764152502318
139,16,ATTENTION,1,1,1,1,1,0,1,1,1,0.27851928376294693,1.2852131063914425
899,5,MLP,1,1,1,1,1,1,0,0,0,0.11113121030875008,0.09994637640739873
106,16,ATTENTION,0,0,1,0,0,0,1,1,1,0.2785208443350772,1.2852764152502318
276,16,BOTH,1,1,1,0,0,0,1,1,1,0.2785208443350772,1.2852764152502318
979,5,ATTENTION,0,0,0,1,1,0,0,0,0,0.27896180937886234,1.2891420534239222
521,8,BOTH,0,0,0,0,1,1,1,1,1,0.2783361264112213,1.27924224487725
483,8,BOTH,1,1,0,0,0,0,0,0,0,0.27728345412321365,1.2811208920029398
936,5,ATTENTION,1,0,0,0,0,0,0,0,0,0.24719407757040102,1.0765243205301236
292,8,MLP,0,0,1,0,0,0,1,1,1,0.27758766826775205,1.2766517815948681
73,16,MLP,1,1,1,1,1,1,0,0,1,0.2785208443350772,1.2852764152502318
111,16,ATTENTION,1,1,0,0,0,0,0,0,0,0.27851928376294693,1.2852131063914425
902,5,MLP,1,1,1,1,1,1,1,0,0,0.030369085966958292,0.0048092773018975086
680,6,ATTENTION,1,1,1,0,0,0,1,1,1,0.2670303343691356,1.1889801617742006
462,8,ATTENTION,1,1,1,0,0,0,1,1,1,0.27786666840054836,1.2750848440269638
842,5,MLP,1,0,0,0,0,0,1,1,1,0.1509907853929716,0.2038944802191001
295,8,MLP,1,1,0,1,1,1,0,0,0,0.27702785974979655,1.2817934998921003
727,6,ATTENTION,0,0,0,0,0,0,0,0,1,0.2785208443350772,1.2852764152502318
614,6,MLP,0,0,0,0,1,1,1,1,1,0.24869652201794684,1.1075143853450542
658,6,ATTENTION,0,1,0,1,1,1,1,1,1,0.2802354583064926,1.2899365074131541
15,16,MLP,1,1,0,1,1,1,1,1,1,0.2785208443350772,1.2852764152502318
532,8,BOTH,0,0,0,1,1,1,1,0,0,0.2791594847868215,1.2892492468761467
593,6,MLP,1,1,1,1,0,0,0,0,0,0.24838447589699195,1.0891186992901516
31,16,MLP,1,1,1,0,0,0,1,1,1,0.2785208443350772,1.2852764152502318
412,8,ATTENTION,0,0,0,0,1,0,1,1,1,0.2786918902321742,1.2866667145005517
992,5,ATTENTION,1,1,1,1,1,1,0,0,0,0.2471998820019974,1.0730299176968154
599,6,MLP,0,0,0,0,1,0,0,0,0,0.2785208443350772,1.2852764152502318
299,8,MLP,1,0,1,1,1,1,0,0,0,0.278898349581032,1.2888299061105621
982,5,ATTENTION,0,0,0,1,0,1,1,1,1,0.27785595770286425,1.2823189923574747
668,6,ATTENTION,1,1,0,0,0,0,1,1,1,0.26827700627396456,1.2148294819834442
257,16,BOTH,0,0,0,1,1,1,0,1,0,0.2785208443350772,1.2852764152502318
404,8,ATTENTION,1,1,1,0,0,0,0,0,0,0.27786666840054836,1.2750848440269638
466,8,BOTH,0,0,0,1,1,1,0,0,0,0.27863146981919407,1.282046248444813
97,16,ATTENTION,1,0,0,1,1,1,0,0,0,0.2785208443350772,1.2852764152502318
308,8,MLP,1,1,1,0,0,0,1,1,1,0.2759322079683527,1.2689976569023262
1001,5,ATTENTION,0,0,0,1,1,1,0,1,0,0.2776623289642982,1.2825037584404828
914,5,MLP,1,1,1,1,1,1,1,1,0,0.022731832567537094,0.003641138420905276
782,6,BOTH,1,1,1,0,1,0,1,1,1,0.2109733086198226,0.8577508195903365
619,6,MLP,0,0,0,1,1,1,0,0,0,0.2785208443350772,1.2852764152502318
1015,5,ATTENTION,1,1,1,1,1,1,0,1,1,0.2471998820019974,1.0730299176968154
694,6,ATTENTION,1,1,1,0,0,1,0,0,0,0.26694868365010593,1.1931050194034412
971,5,ATTENTION,0,0,0,0,1,0,0,0,0,0.27877053196487334,1.285788937470552
441,8,ATTENTION,1,1,1,1,1,1,0,1,0,0.27771094013758973,1.2748510059248088
856,5,MLP,1,0,1,1,1,1,1,1,1,0.0413944217460613,0.0226471227489734
96,16,ATTENTION,1,0,0,1,1,1,1,1,1,0.2785208443350772,1.2852764152502318
236,16,BOTH,1,1,1,1,0,1,1,1,1,0.2785208443350772,1.2852764152502318
115,16,ATTENTION,1,0,1,0,0,0,0,0,0,0.27851928376294693,1.2852131063914425
616,6,MLP,1,1,1,1,1,1,1,1,1,0.22360767628027875,0.9456258451329649
622,6,MLP,0,0,0,1,1,1,0,0,0,0.2785208443350772,1.2852764152502318
502,8,BOTH,0,0,0,1,0,0,0,0,0,0.27867508634709537,1.286455253756982
892,5,MLP,1,1,1,0,1,1,0,0,0,0.11113121030875008,0.09994637640739873
522,8,BOTH,0,0,0,0,1,1,0,0,0,0.27871130622271456,1.283591215220027
960,5,ATTENTION,1,1,1,0,0,0,0,0,0,0.24590725982829476,1.064162286591715
686,6,ATTENTION,1,1,1,1,0,0,0,0,0,0.26682024595075143,1.1896843029424926
789,6,BOTH,0,0,0,0,0,1,0,0,0,0.2783639808339153,1.2886995400969599
545,8,BOTH,0,0,0,0,0,0,1,1,0,0.2787560311697818,1.2879579390148084
923,5,MLP,1,1,1,0,0,0,0,1,1,0.0940622773954117,0.07644107526061968
377,8,ATTENTION,1,0,0,0,0,0,1,1,1,0.27860684232890154,1.2769395096927156
300,8,MLP,1,0,1,0,0,0,1,1,1,0.27679731000322655,1.2725934348254613
42,16,MLP,1,1,1,0,0,1,1,1,1,0.2785208443350772,1.2852764152502318
894,5,MLP,0,0,0,0,1,1,0,0,0,0.2785208443350772,1.2852764152502318
411,8,ATTENTION,1,1,1,0,1,0,0,0,0,0.27822896690070453,1.2786112758894874
388,8,ATTENTION,1,1,0,1,1,1,0,0,0,0.2779149710897562,1.2756722286659423
958,5,ATTENTION,1,1,1,1,1,1,0,0,0,0.2471998820019974,1.0730299176968154
4,16,MLP,1,0,0,1,1,1,0,0,0,0.27851928376294693,1.2852131063914425
501,8,BOTH,0,0,0,1,0,0,1,1,1,0.27802668131461067,1.2780984274142335
1010,5,ATTENTION,0,0,0,0,0,0,1,1,0,0.2785208443350772,1.2852764152502318
607,6,MLP,0,0,0,1,1,0,0,0,0,0.2785208443350772,1.2852764152502318
625,6,MLP,0,0,0,1,1,1,1,0,0,0.2562869742020571,1.1504287359484224
240,16,BOTH,1,1,1,0,1,1,1,1,1,0.2785208443350772,1.2852764152502318
769,6,BOTH,0,1,1,0,0,0,1,1,1,0.2392912910514207,1.0204284302815583
154,16,ATTENTION,0,0,0,1,1,1,0,0,0,0.2785208443350772,1.2852764152502318
527,8,BOTH,1,1,1,1,1,1,0,0,0,0.27571901571095014,1.267514579489813
617,6,MLP,1,1,1,1,1,1,0,0,0,0.24838447589699195,1.0891186992901516
420,8,ATTENTION,0,0,0,1,1,0,1,1,1,0.2786084714212416,1.2860592992203264
192,16,BOTH,1,0,0,0,0,0,0,0,0,0.27851928376294693,1.2852131063914425
587,6,MLP,1,1,1,0,0,0,1,1,1,0.22360767628027875,0.9456258451329649
889,5,MLP,0,0,0,1,0,1,1,1,1,0.15421579093383528,0.2041313520068872
245,16,BOTH,1,1,1,1,1,1,0,0,0,0.27851928376294693,1.2852131063914425
337,8,MLP,1,1,1,1,1,1,1,1,1,0.2759322079683527,1.2689976569023262
708,6,ATTENTION,0,0,0,0,1,1,0,0,0,0.2778187109212796,1.280785255786987
520,8,BOTH,1,1,1,0,1,1,0,0,0,0.27592001823496237,1.2692092006552593
993,5,ATTENTION,1,1,1,0,0,0,0,0,0,0.24590725982829476,1.064162286591715
356,8,MLP,1,1,1,1,1,1,1,1,0,0.2782155446646343,1.289882383700871
222,16,BOTH,0,0,0,1,0,0,1,1,1,0.2785208443350772,1.2852764152502318
627,6,MLP,1,1,1,1,1,1,0,1,0,0.24833135342892562,1.0960857211087076
76,16,MLP,0,0,0,0,0,0,0,0,1,0.2785208443350772,1.2852764152502318
361,8,MLP,1,1,1,0,0,0,1,0,1,0.2775533684777998,1.2784766659575961
691,6,ATTENTION,0,0,0,0,1,0,1,1,1,0.2780641250580817,1.2797570100343387
771,6,BOTH,1,1,1,1,1,1,1,1,1,0.21111395983602613,0.8611088645150249
59,16,MLP,1,1,1,1,1,1,0,0,0,0.27851928376294693,1.2852131063914425
262,16,BOTH,0,0,0,0,0,0,0,0,1,0.2785208443350772,1.2852764152502318
567,6,MLP,0,1,0,0,0,0,1,1,1,0.251203553644076,1.1147084833660734
730,6,ATTENTION,0,0,0,1,1,1,1,1,0,0.27864433211692125,1.2844142984448899
747,6,BOTH,1,0,0,1,1,1,1,1,1,0.2139109763213648,0.8840473062482198
314,8,MLP,1,1,1,1,0,0,0,0,0,0.2785175866119606,1.2827405384338042
605,6,MLP,1,1,1,1,1,0,0,0,0,0.24838447589699195,1.0891186992901516
546,8,BOTH,1,1,1,1,1,1,1,0,1,0.2750605410844401,1.2577398004408704
781,6,BOTH,0,0,0,1,0,0,0,0,0,0.27878602225083565,1.2834872986452988
180,16,ATTENTION,0,0,0,1,1,1,0,1,1,0.2785208443350772,1.2852764152502318
179,16,ATTENTION,1,1,1,0,0,0,0,1,1,0.27851928376294693,1.2852131063914425
323,8,MLP,0,0,0,0,0,1,1,1,1,0.2782263035104425,1.27793685233323
450,8,ATTENTION,1,1,1,0,0,0,1,1,0,0.27786666840054836,1.2750848440269638
595,6,MLP,0,0,0,1,0,0,0,0,0,0.2785208443350772,1.2852764152502318
100,16,ATTENTION,0,1,0,1,1,1,1,1,1,0.27851928376294693,1.2852131063914425
161,16,ATTENTION,0,0,0,0,0,0,1,0,0,0.2785208443350772,1.2852764152502318
446,8,ATTENTION,1,1,1,0,0,0,0,0,1,0.27786666840054836,1.2750848440269638
943,5,ATTENTION,0,0,1,0,0,0,1,1,1,0.27779487111087575,1.2732129138225106
799,6,BOTH,1,1,1,0,1,1,0,0,0,0.24115387291889784,1.032709507062681
368,8,MLP,1,1,1,1,1,1,1,1,1,0.2759322079683527,1.2689976569023262
269,16,BOTH,0,0,0,1,1,1,1,0,1,0.2785271331383665,1.2852207375047249
529,8,BOTH,0,0,0,1,1,1,0,0,0,0.27863146981919407,1.282046248444813
224,16,BOTH,1,1,1,0,1,0,1,1,1,0.2785208443350772,1.2852764152502318
674,6,ATTENTION,0,1,1,1,1,1,1,1,1,0.27603622890020657,1.2702192019849567
671,6,ATTENTION,1,0,1,1,1,1,0,0,0,0.26767533043887765,1.203423135029739
855,5,MLP,1,1,0,0,0,0,0,0,0,0.16396410148291646,0.426462742278709
1000,5,ATTENTION,1,1,1,0,0,0,0,1,0,0.24590725982829476,1.064162286591715
341,8,MLP,1,1,1,1,1,1,0,0,0,0.2785175866119606,1.2827405384338042
828,6,BOTH,0,0,0,0,0,0,1,0,1,0.25173830425671206,1.1244581552414106
470,8,BOTH,1,0,0,0,0,0,1,1,1,0.2754384420763645,1.2623537745702604
489,8,BOTH,0,1,1,1,1,1,0,0,0,0.27935244577031937,1.2874498910553414
303,8,MLP,0,1,1,1,1,1,0,0,0,0.2788178965982046,1.2871036676505345
461,8,ATTENTION,1,1,1,1,1,1,1,1,1,0.27771094013758973,1.2748510059248088
1027,5,BOTH,1,0,0,1,1,1,0,0,0,0.23682616791938116,1.0023885522366087
692,6,ATTENTION,0,0,0,0,1,0,0,0,0,0.2780641250580817,1.2797570100343387
650,6,MLP,0,0,0,0,0,0,1,1,1,0.24869652201794684,1.1075143853450542
946,5,ATTENTION,1,1,0,1,1,1,0,0,0,0.24352949436973714,1.0593152267457362
872,5,MLP,1,1,1,1,0,0,0,0,0,0.11113121030875008,0.09994637640739873
536,8,BOTH,0,0,0,1,1,1,0,1,0,0.27808272614722224,1.2799663437796078
401,8,ATTENTION,1,1,1,0,0,0,1,1,1,0.27786666840054836,1.2750848440269638
274,16,BOTH,0,0,0,0,0,0,0,1,1,0.2785208443350772,1.2852764152502318
753,6,BOTH,0,1,0,0,0,0,1,1,1,0.2490956399712108,1.1017115092503345
176,16,ATTENTION,0,0,0,1,1,1,1,0,1,0.2785208443350772,1.2852764152502318
767,6,BOTH,0,1,1,1,1,1,1,1,1,0.23968558841138374,1.020439744818576
819,6,BOTH,0,0,0,1,1,1,0,0,1,0.2750448948673095,1.2576604846556194
94,16,ATTENTION,0,0,0,1,1,1,0,0,0,0.2785208443350772,1.2852764152502318
467,8,BOTH,0,0,0,0,0,0,1,1,1,0.2782263035104425,1.27793685233323
439,8,ATTENTION,0,0,0,1,1,1,1,0,0,0.27863146981919407,1.282046248444813
783,6,BOTH,1,1,1,0,1,0,0,0,0,0.23959009084586474,1.021186163606634
690,6,ATTENTION,1,1,1,0,1,0,0,0,0,0.26673955493299345,1.1874396094812627
934,5,ATTENTION,1,0,0,1,1,1,0,0,0,0.2445921862172059,1.063633967548162
750,6,BOTH,1,0,0,0,0,0,0,0,0,0.24184106547623166,1.0590593708245928
822,6,BOTH,1,1,1,0,0,0,1,1,0,0.2142381237726434,0.8794620632532555
949,5,ATTENTION,1,0,1,1,1,1,1,1,1,0.2481728158004454,1.0844578498587758
983,5,ATTENTION,0,0,0,1,0,1,0,0,0,0.27785595770286425,1.2823189923574747
187,16,BOTH,0,0,0,1,1,1,0,0,0,0.2785208443350772,1.2852764152502318
931,5,ATTENTION,0,0,0,1,1,1,0,0,0,0.2776623289642982,1.2825037584404828
252,16,BOTH,1,1,1,0,0,0,1,0,0,0.27851928376294693,1.2852131063914425
244,16,BOTH,1,1,1,1,1,1,1,1,1,0.2785208443350772,1.2852764152502318
136,16,ATTENTION,1,1,1,0,0,1,0,0,0,0.27851928376294693,1.2852131063914425
917,5,MLP,0,0,0,0,0,0,1,1,0,0.1546805814281058,0.21180345039725168
309,8,MLP,1,1,1,0,0,0,0,0,0,0.2785175866119606,1.2827405384338042
156,16,ATTENTION,1,1,1,0,0,0,0,0,0,0.27851928376294693,1.2852131063914425
884,5,MLP,1,1,1,1,1,0,0,0,0,0.11113121030875008,0.09994637640739873
740,6,ATTENTION,1,1,1,1,1,1,1,1,1,0.26693491760570304,1.195565473292705
430,8,ATTENTION,1,1,1,1,1,1,1,1,1,0.27771094013758973,1.2748510059248088
318,8,MLP,1,1,1,0,1,0,0,0,0,0.2785175866119606,1.2827405384338042
779,6,BOTH,1,1,1,1,0,0,0,0,0,0.2382967676601059,1.015168622553467
296,8,MLP,1,1,0,0,0,0,1,1,1,0.27623921848786237,1.2763741517185474
90,16,MLP,1,1,1,0,0,0,1,1,1,0.2785208443350772,1.2852764152502318
806,6,BOTH,1,1,1,1,1,1,0,0,0,0.24199345331745103,1.041717174328926
768,6,BOTH,0,1,1,1,1,1,0,0,0,0.2722850970212237,1.2225830032845575
784,6,BOTH,0,0,0,0,1,0,1,1,1,0.24870316382765378,1.1110803426870386
558,6,MLP,0,0,0,1,1,1,1,1,1,0.24869652201794684,1.1075143853450542
443,8,ATTENTION,0,0,0,1,1,1,0,1,0,0.27863146981919407,1.282046248444813
504,8,BOTH,1,1,1,0,1,0,0,0,0,0.27611297299212245,1.2693066589201798
929,5,MLP,0,0,0,0,0,0,1,1,1,0.15421579093383528,0.2041313520068872
227,16,BOTH,0,0,0,0,1,0,0,0,0,0.2785208443350772,1.2852764152502318
638,6,MLP,0,0,0,0,0,0,1,1,0,0.2528776604602209,1.1255468642962605
1016,5,ATTENTION,1,1,1,0,0,0,0,1,1,0.24590725982829476,1.064162286591715
271,16,BOTH,1,1,1,1,1,1,0,1,1,0.2785208443350772,1.2852764152502318
302,8,MLP,0,1,1,1,1,1,1,1,1,0.2770992232986698,1.2789644953435022
278,16,BOTH,0,0,0,0,0,0,1,1,1,0.2785208443350772,1.2852764152502318
937,5,ATTENTION,0,1,0,1,1,1,1,1,1,0.2739122463571005,1.2641302556778458
795,6,BOTH,1,1,1,1,0,1,0,0,0,0.2412554471244327,1.0373933359750027
786,6,BOTH,1,1,1,0,0,1,1,1,1,0.20981726279380014,0.8496167259534679
563,6,MLP,1,0,0,0,0,0,1,1,1,0.22193086191125766,0.9375049764696025
834,6,BOTH,1,1,1,0,0,0,1,1,1,0.2099539593861813,0.8535081970923823
953,5,ATTENTION,0,1,1,1,1,1,1,1,1,0.2730081587142224,1.2424954113335003
503,8,BOTH,1,1,1,0,1,0,1,1,1,0.2740672797270481,1.2576639993102288
255,16,BOTH,1,1,1,1,1,1,0,1,0,0.27851928376294693,1.2852131063914425
965,5,ATTENTION,1,1,1,1,0,0,0,0,0,0.246622462126641,1.0632478022306597
28,16,MLP,1,1,1,1,1,1,0,0,0,0.27851928376294693,1.2852131063914425
576,6,MLP,1,1,0,0,0,0,0,0,0,0.25885502692062323,1.1624618534252777
480,8,BOTH,1,1,0,1,1,1,1,1,1,0.27674269426772163,1.269413779590905
907,5,MLP,1,1,1,0,0,0,0,1,0,0.09887386299897492,0.08498850615997862
131,16,ATTENTION,1,1,1,0,1,0,1,1,1,0.27851928376294693,1.2852131063914425
539,8,BOTH,1,1,1,0,0,0,0,0,1,0.27550819267078447,1.262229002276241
20,16,MLP,1,0,1,1,1,1,0,0,0,0.27851928376294693,1.2852131063914425
457,8,ATTENTION,1,1,1,1,1,1,0,1,1,0.27771094013758973,1.2748510059248088
1039,5,BOTH,1,1,0,1,1,1,0,0,0,0.11040764159471482,0.118071157682272
414,8,ATTENTION,1,1,1,0,0,1,1,1,1,0.2777843184359699,1.2760573780551427
687,6,ATTENTION,0,0,0,1,0,0,1,1,1,0.27878602225083565,1.2834872986452988
293,8,MLP,0,0,1,0,0,0,0,0,0,0.27845807397681005,1.2866668110083783
45,16,MLP,0,0,0,0,0,1,0,0,0,0.2785208443350772,1.2852764152502318
850,5,MLP,0,0,1,0,0,0,1,1,1,0.04171881703190073,0.024426738620835338
500,8,BOTH,1,1,1,1,0,0,0,0,0,0.27572106477681657,1.266948525659505
598,6,MLP,0,0,0,0,1,0,1,1,1,0.24869652201794684,1.1075143853450542
153,16,ATTENTION,0,0,0,1,1,1,1,1,1,0.2785208443350772,1.2852764152502318
40,16,MLP,0,0,0,0,1,0,1,1,1,0.2785208443350772,1.2852764152502318
1014,5,ATTENTION,0,0,0,0,0,0,1,0,1,0.2785208443350772,1.2852764152502318
903,5,MLP,1,1,1,0,0,0,1,0,0,0.030369085966958292,0.0048092773018975086
602,6,MLP,0,0,0,0,0,1,1,1,1,0.24869652201794684,1.1075143853450542
508,8,BOTH,1,1,1,0,0,1,0,0,0,0.2758780716620408,1.2690842048085413
49,16,MLP,0,0,0,1,1,0,0,0,0,0.2785208443350772,1.2852764152502318
359,8,MLP,0,0,0,0,0,0,1,1,0,0.2787560311697818,1.2879579390148084
298,8,MLP,1,0,1,1,1,1,1,1,1,0.27679731000322655,1.2725934348254613
1030,5,BOTH,0,1,0,1,1,1,1,1,1,0.0449196781977547,0.016094270217794554
711,6,ATTENTION,0,0,0,1,1,1,1,1,1,0.27864433211692125,1.2844142984448899
305,8,MLP,0,1,1,0,0,0,0,0,0,0.2788178965982046,1.2871036676505345
986,5,ATTENTION,0,0,0,0,1,1,1,1,1,0.2782697661981588,1.28294059838638
1031,5,BOTH,0,1,0,1,1,1,0,0,0,0.15328389932407058,0.3661960347264445
410,8,ATTENTION,1,1,1,0,1,0,1,1,1,0.27822896690070453,1.2786112758894874
805,6,BOTH,0,0,0,1,1,1,0,0,0,0.27864433211692125,1.2844142984448899
988,5,ATTENTION,1,1,1,1,1,1,1,1,1,0.2471998820019974,1.0730299176968154
880,5,MLP,1,1,1,0,0,1,0,0,0,0.11113121030875008,0.09994637640739873
151,16,ATTENTION,1,1,1,1,1,1,1,1,1,0.27851928376294693,1.2852131063914425
375,8,ATTENTION,1,0,0,1,1,1,1,1,1,0.2784052867414102,1.276873452003259
477,8,BOTH,0,0,1,1,1,1,0,0,0,0.2788522061867713,1.29207599015205
952,5,ATTENTION,1,0,1,0,0,0,0,0,0,0.24930865307234526,1.091767667065144
560,6,MLP,0,0,0,0,0,0,1,1,1,0.24869652201794684,1.1075143853450542
611,6,MLP,0,0,0,1,0,1,0,0,0,0.2785208443350772,1.2852764152502318
591,6,MLP,0,0,0,0,0,0,1,1,1,0.24869652201794684,1.1075143853450542
673,6,ATTENTION,1,0,1,0,0,0,0,0,0,0.26749344002099323,1.1963048569484118
184,16,ATTENTION,0,0,0,1,1,1,1,1,1,0.2785208443350772,1.2852764152502318
1021,5,ATTENTION,0,0,0,1,1,1,1,1,1,0.2776623289642982,1.2825037584404828
312,8,MLP,0,0,0,0,0,0,1,1,1,0.2782263035104425,1.27793685233323
390,8,ATTENTION,1,1,0,0,0,0,0,0,0,0.2778369236391128,1.2739109863489166
149,16,ATTENTION,0,0,0,0,1,1,1,1,1,0.2785208443350772,1.2852764152502318
628,6,MLP,1,1,1,0,0,0,0,1,0,0.24833135342892562,1.0960857211087076
436,8,ATTENTION,0,0,0,1,1,1,0,0,0,0.27863146981919407,1.282046248444813
877,5,MLP,0,0,0,0,1,0,1,1,1,0.15421579093383528,0.2041313520068872
229,16,BOTH,1,1,1,0,0,1,0,0,0,0.27851928376294693,1.2852131063914425
449,8,ATTENTION,1,1,1,1,1,1,1,1,0,0.27771094013758973,1.2748510059248088
17,16,MLP,1,1,0,0,0,0,1,1,1,0.2785208443350772,1.2852764152502318
288,8,MLP,0,1,0,0,0,0,1,1,1,0.27761889123578987,1.2846460678929326
357,8,MLP,1,1,1,0,0,0,1,1,0,0.2782155446646343,1.289882383700871
803,6,BOTH,1,1,1,1,1,1,0,0,0,0.24199345331745103,1.041717174328926
741,6,ATTENTION,1,1,1,0,0,0,1,1,1,0.2670303343691356,1.1889801617742006
1023,5,BOTH,0,0,0,1,1,1,1,1,1,0.15527487057482273,0.2070945261269593
723,6,ATTENTION,0,0,0,0,0,0,0,1,0,0.2785208443350772,1.2852764152502318
250,16,BOTH,0,0,0,1,1,1,0,0,0,0.2785208443350772,1.2852764152502318
920,5,MLP,0,0,0,1,1,1,1,0,1,0.14443198222836415,0.22279045286096158
129,16,ATTENTION,0,0,0,1,0,0,1,1,1,0.2785208443350772,1.2852764152502318
846,5,MLP,0,1,0,0,0,0,1,1,1,0.054080821364324516,0.030626907846922683
744,6,BOTH,0,0,0,1,1,1,1,1,1,0.2501607002845491,1.1172199964203238
319,8,MLP,0,0,0,0,1,0,1,1,1,0.2782263035104425,1.27793685233323
280,8,MLP,0,0,0,1,1,1,0,0,0,0.2785208443350772,1.2852764152502318
534,8,BOTH,1,1,1,1,1,1,0,1,0,0.27528406649534026,1.2657076759447368
263,16,BOTH,1,1,1,1,1,1,1,1,0,0.27851928376294693,1.2852131063914425
123,16,ATTENTION,1,1,1,0,0,0,0,0,0,0.27851928376294693,1.2852131063914425
594,6,MLP,0,0,0,1,0,0,1,1,1,0.24869652201794684,1.1075143853450542
698,6,ATTENTION,1,1,1,1,1,0,0,0,0,0.2668637851561833,1.1923393220500287
913,5,MLP,0,0,0,0,0,0,0,0,1,0.2779955362642533,1.2714877106453333
468,8,BOTH,1,0,0,1,1,1,1,1,1,0.2756721970982709,1.2640661550913346
426,8,ATTENTION,1,1,1,0,1,1,1,1,1,0.2777477582728702,1.2754794024471925
584,6,MLP,0,1,1,0,0,0,0,0,0,0.2739471172379809,1.239076980651023
55,16,MLP,1,1,1,0,1,1,0,0,0,0.27851928376294693,1.2852131063914425
285,8,MLP,1,0,0,0,0,0,0,0,0,0.277217720735029,1.28144412097031
498,8,BOTH,0,0,0,0,0,0,1,1,1,0.2782263035104425,1.27793685233323
91,16,MLP,0,0,0,1,1,1,1,1,1,0.2785208443350772,1.2852764152502318
712,6,ATTENTION,0,0,0,1,1,1,0,0,0,0.27864433211692125,1.2844142984448899
77,16,MLP,1,1,1,1,1,1,1,1,0,0.27851928376294693,1.2852131063914425
196,16,BOTH,0,1,0,0,0,0,0,0,0,0.2785208443350772,1.2852764152502318
70,16,MLP,1,1,1,0,0,0,0,1,0,0.27851928376294693,1.2852131063914425
754,6,BOTH,0,1,0,0,0,0,0,0,0,0.2791701964368906,1.2775271364940664
147,16,ATTENTION,1,1,1,0,1,1,1,1,1,0.27851928376294693,1.2852131063914425
562,6,MLP,1,0,0,1,1,1,0,0,0,0.2514682751757714,1.1289460367472297
589,6,MLP,1,1,1,0,0,0,1,1,1,0.22360767628027875,0.9456258451329649
932,5,ATTENTION,0,0,0,0,0,0,1,1,1,0.2785208443350772,1.2852764152502318
525,8,BOTH,0,0,0,1,1,1,1,1,1,0.27815321332023424,1.279290014746267
212,16,BOTH,0,1,1,0,0,0,0,0,0,0.27851928376294693,1.2852131063914425
259,16,BOTH,1,1,1,1,1,1,0,0,1,0.27851928376294693,1.2852131063914425
248,16,BOTH,1,1,1,1,1,1,0,0,0,0.27851928376294693,1.2852131063914425
124,16,ATTENTION,1,1,1,0,0,0,1,1,1,0.27851928376294693,1.2852131063914425
1042,5,BOTH,1,0,1,1,1,1,1,1,1,0.031926896706137894,0.008007728674899604
207,16,BOTH,1,0,1,0,0,0,1,1,1,0.2785271331383665,1.2852207375047249
577,6,MLP,1,0,1,1,1,1,1,1,1,0.21763350591009284,0.9108439119776628
928,5,MLP,0,0,0,1,1,1,1,1,1,0.15421579093383528,0.2041313520068872
234,16,BOTH,0,0,0,1,1,0,1,1,1,0.2785208443350772,1.2852764152502318
748,6,BOTH,1,0,0,1,1,1,0,0,0,0.2418360381135124,1.063657993587008
231,16,BOTH,0,0,0,0,0,1,0,0,0,0.2785208443350772,1.2852764152502318
495,8,BOTH,1,1,1,0,0,0,0,0,0,0.27598077688809675,1.269533057921874
117,16,ATTENTION,0,1,1,1,1,1,0,0,0,0.27851928376294693,1.2852131063914425
564,6,MLP,1,0,0,0,0,0,0,0,0,0.2514682751757714,1.1289460367472297
533,8,BOTH,0,0,0,0,0,0,1,0,0,0.2790254016312323,1.2880884866838433
306,8,MLP,1,1,1,1,1,1,1,1,1,0.2759322079683527,1.2689976569023262
188,16,BOTH,0,0,0,0,0,0,1,1,1,0.2785208443350772,1.2852764152502318
393,8,ATTENTION,1,0,1,0,0,0,1,1,1,0.2778245601628509,1.2773335901440535
48,16,MLP,0,0,0,1,1,0,1,1,1,0.2785208443350772,1.2852764152502318
284,8,MLP,1,0,0,0,0,0,1,1,1,0.2766128758228142,1.272618600412087
588,6,MLP,1,1,1,0,0,0,0,0,0,0.24838447589699195,1.0891186992901516
883,5,MLP,1,1,1,1,1,0,1,1,1,0.024910531832376875,0.002102127233123678
122,16,ATTENTION,1,1,1,0,0,0,1,1,1,0.27851928376294693,1.2852131063914425
399,8,ATTENTION,1,1,1,1,1,1,1,1,1,0.27771094013758973,1.2748510059248088
780,6,BOTH,0,0,0,1,0,0,1,1,1,0.24905372099538473,1.1111531853013088
926,5,MLP,1,1,1,1,1,1,1,1,1,0.024910531832376875,0.002102127233123678
476,8,BOTH,0,0,1,1,1,1,1,1,1,0.27694748725660157,1.2730050530292847
774,6,BOTH,1,1,1,0,0,0,0,0,0,0.2385172706747091,1.0171486120991855
861,5,MLP,0,1,1,1,1,1,0,0,0,0.11116947605414149,0.09488849327408021
701,6,ATTENTION,1,1,1,1,0,1,1,1,1,0.2672802911122937,1.1938525458231155
909,5,MLP,0,0,0,0,0,0,0,1,0,0.27437073085235597,1.2586827080323735
670,6,ATTENTION,1,0,1,1,1,1,1,1,1,0.26767533043887765,1.203423135029739
333,8,MLP,1,1,1,0,1,1,1,1,1,0.2759322079683527,1.2689976569023262
47,16,MLP,1,1,1,1,1,0,0,0,0,0.27851928376294693,1.2852131063914425
150,16,ATTENTION,0,0,0,0,1,1,0,0,0,0.2785208443350772,1.2852764152502318
683,6,ATTENTION,1,1,1,0,0,0,0,0,0,0.2670303343691356,1.1889801617742006
829,6,BOTH,1,1,1,1,1,1,0,1,1,0.23228854912673608,0.989657478619823
372,8,ATTENTION,0,0,0,1,1,1,1,1,1,0.27863146981919407,1.282046248444813
1004,5,ATTENTION,1,1,1,0,0,0,0,0,1,0.24590725982829476,1.064162286591715
573,6,MLP,1,1,0,1,1,1,1,1,1,0.23022235280391243,0.9755706542717394
406,8,ATTENTION,1,1,1,1,0,0,1,1,1,0.27785235604826847,1.2754256637988377
110,16,ATTENTION,1,1,0,0,0,0,1,1,1,0.27851928376294693,1.2852131063914425
428,8,ATTENTION,0,0,0,0,1,1,1,1,1,0.27871130622271456,1.283591215220027
216,16,BOTH,1,1,1,0,0,0,0,0,0,0.27851928376294693,1.2852131063914425
417,8,ATTENTION,0,0,0,0,0,1,0,0,0,0.27868335101333513,1.2851337716252758
211,16,BOTH,0,1,1,0,0,0,1,1,1,0.2785208443350772,1.2852764152502318
807,6,BOTH,1,1,1,0,0,0,0,0,0,0.2385172706747091,1.0171486120991855
985,5,ATTENTION,1,1,1,0,1,1,0,0,0,0.24763682434720724,1.0772891883954332
239,16,BOTH,0,0,0,1,0,1,0,0,0,0.2785208443350772,1.2852764152502318
997,5,ATTENTION,0,0,0,1,1,1,1,0,0,0.2776623289642982,1.2825037584404828
289,8,MLP,0,1,0,0,0,0,0,0,0,0.2777286509556288,1.2864078381400135
707,6,ATTENTION,0,0,0,0,1,1,1,1,1,0.2778187109212796,1.280785255786987
639,6,MLP,1,1,1,1,1,1,1,0,1,0.2280060731888468,0.9635073121090568
935,5,ATTENTION,1,0,0,0,0,0,1,1,1,0.24719407757040102,1.0765243205301236
793,6,BOTH,0,0,0,1,1,0,0,0,0,0.2790987667292941,1.2851829380622215
253,16,BOTH,0,0,0,1,1,1,1,0,0,0.2785208443350772,1.2852764152502318
429,8,ATTENTION,0,0,0,0,1,1,0,0,0,0.27871130622271456,1.283591215220027
900,5,MLP,1,1,1,0,0,0,0,0,0,0.11113121030875008,0.09994637640739873
265,16,BOTH,0,0,0,1,1,1,1,1,0,0.2785208443350772,1.2852764152502318
238,16,BOTH,0,0,0,1,0,1,1,1,1,0.2785271331383665,1.2852207375047249
232,16,BOTH,1,1,1,1,1,0,1,1,1,0.2785208443350772,1.2852764152502318
676,6,ATTENTION,0,1,1,0,0,0,1,1,1,0.2763820900666897,1.2733105074855793
374,8,ATTENTION,0,0,0,0,0,0,1,1,1,0.2785208443350772,1.2852764152502318
456,8,ATTENTION,0,0,0,0,0,0,1,0,1,0.2785208443350772,1.2852764152502318
88,16,MLP,0,0,0,0,0,0,0,1,1,0.2785208443350772,1.2852764152502318
821,6,BOTH,1,1,1,1,1,1,1,1,0,0.21502429848191937,0.8847295236702594
63,16,MLP,1,1,1,0,0,0,0,0,0,0.27851928376294693,1.2852131063914425
1013,5,ATTENTION,0,0,0,1,1,1,1,0,1,0.2776623289642982,1.2825037584404828
200,16,BOTH,0,0,1,0,0,0,0,0,0,0.27851928376294693,1.2852131063914425
944,5,ATTENTION,0,0,1,0,0,0,0,0,0,0.27779487111087575,1.2732129138225106
697,6,ATTENTION,1,1,1,1,1,0,1,1,1,0.2668637851561833,1.1923393220500287
258,16,BOTH,0,0,0,0,0,0,0,1,0,0.2785208443350772,1.2852764152502318
512,8,BOTH,1,1,1,1,1,0,0,0,0,0.27626136817519303,1.2697377032066672
726,6,ATTENTION,0,0,0,1,1,1,0,0,1,0.27864433211692125,1.2844142984448899
221,16,BOTH,1,1,1,1,0,0,0,0,0,0.27851928376294693,1.2852131063914425
62,16,MLP,1,1,1,1,1,1,0,0,0,0.27851928376294693,1.2852131063914425
653,6,ATTENTION,0,0,0,0,0,0,1,1,1,0.2785208443350772,1.2852764152502318
675,6,ATTENTION,0,1,1,1,1,1,0,0,0,0.27603622890020657,1.2702192019849567
813,6,BOTH,1,1,1,1,1,1,0,1,0,0.23795221630490684,1.0188204355810004
679,6,ATTENTION,1,1,1,1,1,1,0,0,0,0.26693491760570304,1.195565473292705
325,8,MLP,1,1,1,1,1,0,1,1,1,0.2759322079683527,1.2689976569023262
725,6,ATTENTION,1,1,1,0,0,0,0,0,1,0.2670303343691356,1.1889801617742006
1011,5,ATTENTION,1,1,1,1,1,1,1,0,1,0.2471998820019974,1.0730299176968154
369,8,MLP,1,1,1,0,0,0,1,1,1,0.2759322079683527,1.2689976569023262
756,6,BOTH,0,0,1,1,1,1,0,0,0,0.27392653938115313,1.2158620406539604
168,16,ATTENTION,0,0,0,1,1,1,0,0,1,0.2785208443350772,1.2852764152502318
987,5,ATTENTION,0,0,0,0,1,1,0,0,0,0.2782697661981588,1.28294059838638
384,8,ATTENTION,0,0,1,1,1,1,0,0,0,0.27847815888832433,1.2784938557394694
866,5,MLP,1,1,1,0,0,0,1,1,1,0.024910531832376875,0.002102127233123678
12,16,MLP,0,0,1,1,1,1,0,0,0,0.27851928376294693,1.2852131063914425
654,6,ATTENTION,1,0,0,1,1,1,1,1,1,0.26920456911602114,1.2220023537681952
301,8,MLP,1,0,1,0,0,0,0,0,0,0.278898349581032,1.2888299061105621
481,8,BOTH,1,1,0,1,1,1,0,0,0,0.2776963668558262,1.2812960204719808
632,6,MLP,1,1,1,0,0,0,0,0,1,0.2451005301032916,1.0688967668239902
475,8,BOTH,0,1,0,0,0,0,0,0,0,0.2778270960653898,1.2877439883168527
515,8,BOTH,1,1,1,1,0,1,1,1,1,0.2742840135788924,1.2586755793472597
571,6,MLP,0,0,1,0,0,0,1,1,1,0.24530741077642598,1.0656184638153254
519,8,BOTH,1,1,1,0,1,1,1,1,1,0.27432957684516945,1.2593570139703356
984,5,ATTENTION,1,1,1,0,1,1,1,1,1,0.24763682434720724,1.0772891883954332
759,6,BOTH,1,1,0,1,1,1,1,1,1,0.21663802029665147,0.8997760206360216
755,6,BOTH,0,0,1,1,1,1,1,1,1,0.24109098412380045,1.0429948001662803
1034,5,BOTH,0,0,1,1,1,1,1,1,1,0.03535110332201199,0.016129133030617394
954,5,ATTENTION,0,1,1,1,1,1,0,0,0,0.2730081587142224,1.2424954113335003
30,16,MLP,1,1,1,0,0,0,0,0,0,0.27851928376294693,1.2852131063914425
389,8,ATTENTION,1,1,0,0,0,0,1,1,1,0.2778369236391128,1.2739109863489166
145,16,ATTENTION,0,0,0,1,0,1,1,1,1,0.2785208443350772,1.2852764152502318
366,8,MLP,0,0,0,1,1,1,0,1,1,0.27766581784810523,1.2798128154931665
879,5,MLP,1,1,1,0,0,1,1,1,1,0.024910531832376875,0.002102127233123678
418,8,ATTENTION,1,1,1,1,1,0,1,1,1,0.277993415987267,1.2766317205629334
183,16,ATTENTION,1,1,1,0,0,0,1,1,1,0.27851928376294693,1.2852131063914425
214,16,BOTH,1,1,1,1,1,1,0,0,0,0.27851928376294693,1.2852131063914425
772,6,BOTH,1,1,1,1,1,1,0,0,0,0.24199345331745103,1.041717174328926
621,6,MLP,1,1,1,0,0,0,0,0,0,0.24838447589699195,1.0891186992901516
398,8,ATTENTION,0,1,1,0,0,0,0,0,0,0.27881525766042176,1.2843142514856616
574,6,MLP,1,1,0,1,1,1,0,0,0,0.25885502692062323,1.1624618534252777
270,16,BOTH,0,0,0,0,0,0,1,0,1,0.2785271331383665,1.2852207375047249
645,6,MLP,0,0,0,1,1,1,0,1,1,0.2738502050226438,1.2520177779980803
458,8,ATTENTION,1,1,1,0,0,0,0,1,1,0.27786666840054836,1.2750848440269638
824,6,BOTH,0,0,0,0,0,0,1,1,0,0.2528776604602209,1.1255468642962605
760,6,BOTH,1,1,0,1,1,1,0,0,0,0.2466103654935305,1.0842837981009583
729,6,ATTENTION,1,1,1,0,0,0,1,1,0,0.2670303343691356,1.1889801617742006
998,5,ATTENTION,0,0,0,0,0,0,1,0,0,0.2785208443350772,1.2852764152502318
924,5,MLP,0,0,0,1,1,1,0,1,1,0.2734032028558518,1.2497966995994927
561,6,MLP,1,0,0,1,1,1,1,1,1,0.22193086191125766,0.9375049764696025
206,16,BOTH,1,0,1,1,1,1,0,0,0,0.27851928376294693,1.2852131063914425
957,5,ATTENTION,1,1,1,1,1,1,1,1,1,0.2471998820019974,1.0730299176968154
810,6,BOTH,1,1,1,0,0,0,1,0,0,0.22083264698469576,0.9098582328755006
710,6,ATTENTION,1,1,1,1,1,1,0,0,0,0.26693491760570304,1.195565473292705
1019,5,ATTENTION,1,1,1,1,1,1,1,1,1,0.2471998820019974,1.0730299176968154
218,16,BOTH,1,1,1,0,0,0,0,0,0,0.27851928376294693,1.2852131063914425
362,8,MLP,0,0,0,1,1,1,1,0,1,0.2777163984324311,1.2737399136533656
482,8,BOTH,1,1,0,0,0,0,1,1,1,0.27639646476097857,1.2662311234857502
910,5,MLP,1,1,1,1,1,1,0,0,1,0.10727253398431227,0.09090924370722862
886,5,MLP,0,0,0,1,1,0,0,0,0,0.2785208443350772,1.2852764152502318
199,16,BOTH,0,0,1,0,0,0,1,1,1,0.2785208443350772,1.2852764152502318
35,16,MLP,1,1,1,1,0,0,0,0,0,0.27851928376294693,1.2852131063914425
353,8,MLP,1,1,1,0,0,0,0,0,1,0.276065188349591,1.2674684202951911
688,6,ATTENTION,0,0,0,1,0,0,0,0,0,0.27878602225083565,1.2834872986452988
704,6,ATTENTION,0,0,0,1,0,1,0,0,0,0.2791184606302948,1.2927169208854412
185,16,ATTENTION,0,0,0,0,0,0,1,1,1,0.2785208443350772,1.2852764152502318
665,6,ATTENTION,0,0,1,0,0,0,0,0,0,0.27742247090886657,1.2716178257498425
875,5,MLP,1,1,1,0,1,0,1,1,1,0.024910531832376875,0.002102127233123678
316,8,MLP,0,0,0,1,0,0,0,0,0,0.2785208443350772,1.2852764152502318
74,16,MLP,1,1,1,0,0,0,0,0,1,0.2785208443350772,1.2852764152502318
626,6,MLP,0,0,0,0,0,0,1,0,0,0.2562869742020571,1.1504287359484224
408,8,ATTENTION,0,0,0,1,0,0,1,1,1,0.27867508634709537,1.286455253756982
901,5,MLP,0,0,0,1,1,1,0,0,0,0.2785208443350772,1.2852764152502318
189,16,BOTH,1,0,0,1,1,1,1,1,1,0.2785271331383665,1.2852207375047249
648,6,MLP,1,1,1,0,0,0,1,1,1,0.22360767628027875,0.9456258451329649
178,16,ATTENTION,1,1,1,1,1,1,0,1,1,0.27851928376294693,1.2852131063914425
78,16,MLP,1,1,1,0,0,0,1,1,0,0.27851928376294693,1.2852131063914425
7,16,MLP,0,1,0,1,1,1,1,1,1,0.2785208443350772,1.2852764152502318
938,5,ATTENTION,0,1,0,1,1,1,0,0,0,0.2739122463571005,1.2641302556778458
606,6,MLP,0,0,0,1,1,0,1,1,1,0.24869652201794684,1.1075143853450542
57,16,MLP,0,0,0,0,1,1,0,0,0,0.2785208443350772,1.2852764152502318
438,8,ATTENTION,1,1,1,0,0,0,1,0,0,0.27786666840054836,1.2750848440269638
182,16,ATTENTION,1,1,1,1,1,1,1,1,1,0.27851928376294693,1.2852131063914425
752,6,BOTH,0,1,0,1,1,1,0,0,0,0.27857919183738844,1.277220295986906
373,8,ATTENTION,0,0,0,1,1,1,0,0,0,0.27863146981919407,1.282046248444813
345,8,MLP,1,1,1,0,0,0,1,0,0,0.27928454168587846,1.2912820159268688
344,8,MLP,1,1,1,1,1,1,1,0,0,0.27928454168587846,1.2912820159268688
735,6,ATTENTION,0,0,0,0,0,0,1,0,1,0.2785208443350772,1.2852764152502318
827,6,BOTH,0,0,0,1,1,1,1,0,1,0.2519569969133109,1.1240078254488504
585,6,MLP,1,1,1,1,1,1,1,1,1,0.22360767628027875,0.9456258451329649
434,8,ATTENTION,1,1,1,1,1,1,0,0,0,0.27771094013758973,1.2748510059248088
940,5,ATTENTION,0,1,0,0,0,0,0,0,0,0.2736147645144286,1.2510979090986016
166,16,ATTENTION,1,1,1,1,1,1,0,0,1,0.27851928376294693,1.2852131063914425
386,8,ATTENTION,0,0,1,0,0,0,0,0,0,0.2782746918060328,1.2802317233467815
878,5,MLP,0,0,0,0,1,0,0,0,0,0.2785208443350772,1.2852764152502318
104,16,ATTENTION,0,0,1,1,1,1,1,1,1,0.27851928376294693,1.2852131063914425
794,6,BOTH,1,1,1,1,0,1,1,1,1,0.21008042646011602,0.85361524140831
905,5,MLP,0,0,0,0,0,0,1,0,0,0.15402903823507338,0.24273057431172346
721,6,ATTENTION,1,1,1,0,0,0,0,1,0,0.2670303343691356,1.1889801617742006
951,5,ATTENTION,1,0,1,0,0,0,1,1,1,0.24930865307234526,1.091767667065144
177,16,ATTENTION,0,0,0,0,0,0,1,0,1,0.2785208443350772,1.2852764152502318
657,6,ATTENTION,1,0,0,0,0,0,0,0,0,0.26819480403062185,1.2135113915959301
1043,5,BOTH,1,0,1,1,1,1,0,0,0,0.14674514962310398,0.2203193457711669
801,6,BOTH,0,0,0,0,1,1,0,0,0,0.2778187109212796,1.280785255786987
507,8,BOTH,1,1,1,0,0,1,1,1,1,0.2742153697374485,1.2582200234866614
92,16,MLP,0,0,0,0,0,0,1,1,1,0.2785208443350772,1.2852764152502318
36,16,MLP,0,0,0,1,0,0,1,1,1,0.2785208443350772,1.2852764152502318
518,8,BOTH,0,0,0,1,0,1,0,0,0,0.27887690363790396,1.2860107910331067
990,5,ATTENTION,0,0,0,1,1,1,1,1,1,0.2776623289642982,1.2825037584404828
837,5,MLP,0,0,0,1,1,1,1,1,1,0.15421579093383528,0.2041313520068872
572,6,MLP,0,0,1,0,0,0,0,0,0,0.27415610012228897,1.2269695703528734
915,5,MLP,1,1,1,0,0,0,1,1,0,0.022731832567537094,0.003641138420905276
391,8,ATTENTION,1,0,1,1,1,1,1,1,1,0.277860544334632,1.2776053506689535
689,6,ATTENTION,1,1,1,0,1,0,1,1,1,0.26673955493299345,1.1874396094812627
116,16,ATTENTION,0,1,1,1,1,1,1,1,1,0.27851928376294693,1.2852131063914425
927,5,MLP,1,1,1,0,0,0,1,1,1,0.024910531832376875,0.002102127233123678
435,8,ATTENTION,1,1,1,0,0,0,0,0,0,0.27786666840054836,1.2750848440269638
974,5,ATTENTION,0,0,0,0,0,1,1,1,1,0.2771798313520781,1.2716402942290197
785,6,BOTH,0,0,0,0,1,0,0,0,0,0.2780641250580817,1.2797570100343387
737,6,ATTENTION,1,1,1,0,0,0,0,1,1,0.2670303343691356,1.1889801617742006
852,5,MLP,1,1,0,1,1,1,1,1,1,0.040145352515622144,0.019537953973369257
437,8,ATTENTION,1,1,1,1,1,1,1,0,0,0.27771094013758973,1.2748510059248088
14,16,MLP,0,0,1,0,0,0,0,0,0,0.27851928376294693,1.2852131063914425
629,6,MLP,0,0,0,1,1,1,0,1,0,0.2788686539253022,1.2826645878633953
93,16,ATTENTION,0,0,0,1,1,1,1,1,1,0.2785208443350772,1.2852764152502318
484,8,BOTH,1,0,1,1,1,1,1,1,1,0.2762611576336676,1.2696886443847553
908,5,MLP,0,0,0,1,1,1,0,1,0,0.27437073085235597,1.2586827080323735
531,8,BOTH,1,1,1,0,0,0,1,0,0,0.2777237131457596,1.2769391177082727
762,6,BOTH,1,1,0,0,0,0,0,0,0,0.24452867143906165,1.0757499094540968
736,6,ATTENTION,1,1,1,1,1,1,0,1,1,0.26693491760570304,1.195565473292705
1002,5,ATTENTION,0,0,0,0,0,0,0,1,0,0.2785208443350772,1.2852764152502318
89,16,MLP,1,1,1,1,1,1,1,1,1,0.2785208443350772,1.2852764152502318
863,5,MLP,0,1,1,0,0,0,0,0,0,0.11116947605414149,0.09488849327408021
956,5,ATTENTION,0,1,1,0,0,0,0,0,0,0.273375655232794,1.2415256949104028
485,8,BOTH,1,0,1,1,1,1,0,0,0,0.2767800303155384,1.2708042404198885
1029,5,BOTH,1,0,0,0,0,0,0,0,0,0.23555130662986346,0.993034758165045
608,6,MLP,1,1,1,1,0,1,1,1,1,0.22360767628027875,0.9456258451329649
844,5,MLP,0,1,0,1,1,1,1,1,1,0.054080821364324516,0.030626907846922683
492,8,BOTH,1,1,1,1,1,1,1,1,1,0.27460850662390995,1.2602041330414018
921,5,MLP,0,0,0,0,0,0,1,0,1,0.14443198222836415,0.22279045286096158
101,16,ATTENTION,0,1,0,1,1,1,0,0,0,0.27851928376294693,1.2852131063914425
800,6,BOTH,0,0,0,0,1,1,1,1,1,0.2494580026194176,1.1135394639825327
58,16,MLP,1,1,1,1,1,1,1,1,1,0.2785208443350772,1.2852764152502318
864,5,MLP,1,1,1,1,1,1,1,1,1,0.024910531832376875,0.002102127233123678
186,16,BOTH,0,0,0,1,1,1,1,1,1,0.2785271331383665,1.2852207375047249
873,5,MLP,0,0,0,1,0,0,1,1,1,0.15421579093383528,0.2041313520068872
402,8,ATTENTION,1,1,1,0,0,0,0,0,0,0.27786666840054836,1.2750848440269638
820,6,BOTH,0,0,0,0,0,0,0,0,1,0.27510283318414686,1.2635236687151803
191,16,BOTH,1,0,0,0,0,0,1,1,1,0.2785271331383665,1.2852207375047249
421,8,ATTENTION,0,0,0,1,1,0,0,0,0,0.2786084714212416,1.2860592992203264
140,16,ATTENTION,1,1,1,1,1,0,0,0,0,0.27851928376294693,1.2852131063914425
788,6,BOTH,0,0,0,0,0,1,1,1,1,0.24924625278084078,1.1119992746760778
358,8,MLP,0,0,0,1,1,1,1,1,0,0.2787560311697818,1.2879579390148084
581,6,MLP,0,1,1,1,1,1,1,1,1,0.24472238908440105,1.0702811845559312
215,16,BOTH,1,1,1,0,0,0,1,1,1,0.2785208443350772,1.2852764152502318
160,16,ATTENTION,0,0,0,1,1,1,1,0,0,0.2785208443350772,1.2852764152502318
547,8,BOTH,1,1,1,0,0,0,1,0,1,0.2759984937375281,1.2691749518883422
335,8,MLP,0,0,0,0,1,1,1,1,1,0.2782263035104425,1.27793685233323
1008,5,ATTENTION,1,1,1,0,0,0,1,1,0,0.24590725982829476,1.064162286591715
165,16,ATTENTION,0,0,0,0,0,0,0,1,0,0.2785208443350772,1.2852764152502318
761,6,BOTH,1,1,0,0,0,0,1,1,1,0.21645668328625883,0.8980877449248724
895,5,MLP,1,1,1,1,1,1,1,1,1,0.024910531832376875,0.002102127233123678
580,6,MLP,1,0,1,0,0,0,0,0,0,0.24563211081179712,1.071955635726424
912,5,MLP,0,0,0,1,1,1,0,0,1,0.2779955362642533,1.2714877106453333
112,16,ATTENTION,1,0,1,1,1,1,1,1,1,0.27851928376294693,1.2852131063914425
84,16,MLP,0,0,0,0,0,0,1,0,1,0.2785271331383665,1.2852207375047249
162,16,ATTENTION,1,1,1,1,1,1,0,1,0,0.27851928376294693,1.2852131063914425
509,8,BOTH,0,0,0,0,0,1,1,1,1,0.27797584090140753,1.2775903175950443
67,16,MLP,0,0,0,1,1,1,1,0,0,0.2785208443350772,1.2852764152502318
646,6,MLP,0,0,0,0,0,0,0,1,1,0.2738502050226438,1.2520177779980803
283,8,MLP,1,0,0,1,1,1,0,0,0,0.277217720735029,1.28144412097031
233,16,BOTH,1,1,1,1,1,0,0,0,0,0.27851928376294693,1.2852131063914425
105,16,ATTENTION,0,0,1,1,1,1,0,0,0,0.27851928376294693,1.2852131063914425
763,6,BOTH,1,0,1,1,1,1,1,1,1,0.2126167070930783,0.8592835405326757
193,16,BOTH,0,1,0,1,1,1,1,1,1,0.2785208443350772,1.2852764152502318
1012,5,ATTENTION,1,1,1,0,0,0,1,0,1,0.24590725982829476,1.064162286591715
718,6,ATTENTION,0,0,0,1,1,1,1,0,0,0.27864433211692125,1.2844142984448899
510,8,BOTH,0,0,0,0,0,1,0,0,0,0.27868335101333513,1.2851337716252758
667,6,ATTENTION,1,1,0,1,1,1,0,0,0,0.2683083679569595,1.2215813466038776
811,6,BOTH,0,0,0,1,1,1,1,0,0,0.2580289184901281,1.1642669136845094
592,6,MLP,1,1,1,1,0,0,1,1,1,0.22360767628027875,0.9456258451329649
108,16,ATTENTION,1,1,0,1,1,1,1,1,1,0.27851928376294693,1.2852131063914425
109,16,ATTENTION,1,1,0,1,1,1,0,0,0,0.27851928376294693,1.2852131063914425
830,6,BOTH,1,1,1,0,0,0,0,1,1,0.23168207135972876,0.9836310183549479
681,6,ATTENTION,1,1,1,0,0,0,0,0,0,0.2670303343691356,1.1889801617742006
497,8,BOTH,1,1,1,0,0,0,0,0,0,0.27598077688809675,1.269533057921874
360,8,MLP,1,1,1,1,1,1,1,0,1,0.2775533684777998,1.2784766659575961
10,16,MLP,0,1,0,0,0,0,0,0,0,0.2785208443350772,1.2852764152502318
478,8,BOTH,0,0,1,0,0,0,1,1,1,0.2772834286410451,1.2807818670312663
121,16,ATTENTION,1,1,1,1,1,1,0,0,0,0.27851928376294693,1.2852131063914425
996,5,ATTENTION,1,1,1,0,0,0,1,0,0,0.24590725982829476,1.064162286591715
163,16,ATTENTION,1,1,1,0,0,0,0,1,0,0.27851928376294693,1.2852131063914425
642,6,MLP,0,0,0,0,0,0,1,0,1,0.25173830425671206,1.1244581552414106
538,8,BOTH,1,1,1,1,1,1,0,0,1,0.2749360184243119,1.2587972199624764
839,5,MLP,0,0,0,0,0,0,1,1,1,0.15421579093383528,0.2041313520068872
630,6,MLP,0,0,0,0,0,0,0,1,0,0.2788686539253022,1.2826645878633953
732,6,ATTENTION,1,1,1,1,1,1,1,0,1,0.26693491760570304,1.195565473292705
242,16,BOTH,0,0,0,0,1,1,1,1,1,0.2785271331383665,1.2852207375047249
440,8,ATTENTION,0,0,0,0,0,0,1,0,0,0.2785208443350772,1.2852764152502318
354,8,MLP,0,0,0,1,1,1,0,0,1,0.2765231630057894,1.2749284659534106
530,8,BOTH,1,1,1,1,1,1,1,0,0,0.27732166323227514,1.2712152601914222
64,16,MLP,0,0,0,1,1,1,0,0,0,0.2785208443350772,1.2852764152502318
431,8,ATTENTION,1,1,1,1,1,1,0,0,0,0.27771094013758973,1.2748510059248088
348,8,MLP,1,1,1,1,1,1,0,1,0,0.27846944144292185,1.2794166082896719
871,5,MLP,1,1,1,1,0,0,1,1,1,0.024910531832376875,0.002102127233123678
355,8,MLP,0,0,0,0,0,0,0,0,1,0.2765231630057894,1.2749284659534106
175,16,ATTENTION,1,1,1,0,0,0,1,0,1,0.27851928376294693,1.2852131063914425
205,16,BOTH,1,0,1,1,1,1,1,1,1,0.2785271331383665,1.2852207375047249
315,8,MLP,0,0,0,1,0,0,1,1,1,0.2782263035104425,1.27793685233323
297,8,MLP,1,1,0,0,0,0,0,0,0,0.27702785974979655,1.2817934998921003
282,8,MLP,1,0,0,1,1,1,1,1,1,0.2766128758228142,1.272618600412087
802,6,BOTH,1,1,1,1,1,1,1,1,1,0.21111395983602613,0.8611088645150249
460,8,ATTENTION,0,0,0,0,0,0,0,1,1,0.2785208443350772,1.2852764152502318
167,16,ATTENTION,1,1,1,0,0,0,0,0,1,0.27851928376294693,1.2852131063914425
526,8,BOTH,0,0,0,1,1,1,0,0,0,0.27863146981919407,1.282046248444813
833,6,BOTH,1,1,1,1,1,1,1,1,1,0.21111395983602613,0.8611088645150249
219,16,BOTH,0,0,0,0,0,0,1,1,1,0.2785208443350772,1.2852764152502318
336,8,MLP,0,0,0,0,1,1,0,0,0,0.2785208443350772,1.2852764152502318
568,6,MLP,0,1,0,0,0,0,0,0,0,0.2788484384815949,1.2743942928292287
465,8,BOTH,0,0,0,1,1,1,1,1,1,0.27815321332023424,1.279290014746267
682,6,ATTENTION,1,1,1,0,0,0,1,1,1,0.2670303343691356,1.1889801617742006
911,5,MLP,1,1,1,0,0,0,0,0,1,0.10727253398431227,0.09090924370722862
649,6,MLP,0,0,0,1,1,1,1,1,1,0.24869652201794684,1.1075143853450542
34,16,MLP,1,1,1,1,0,0,1,1,1,0.2785208443350772,1.2852764152502318
776,6,BOTH,1,1,1,0,0,0,0,0,0,0.2385172706747091,1.0171486120991855
44,16,MLP,0,0,0,0,0,1,1,1,1,0.2785208443350772,1.2852764152502318
463,8,ATTENTION,0,0,0,1,1,1,1,1,1,0.27863146981919407,1.282046248444813
155,16,ATTENTION,1,1,1,1,1,1,0,0,0,0.27851928376294693,1.2852131063914425
922,5,MLP,1,1,1,1,1,1,0,1,1,0.0940622773954117,0.07644107526061968
254,16,BOTH,0,0,0,0,0,0,1,0,0,0.2785208443350772,1.2852764152502318
854,5,MLP,1,1,0,0,0,0,1,1,1,0.040145352515622144,0.019537953973369257
933,5,ATTENTION,1,0,0,1,1,1,1,1,1,0.2445921862172059,1.063633967548162
513,8,BOTH,0,0,0,1,1,0,1,1,1,0.27789202399420965,1.2764418156185597
604,6,MLP,1,1,1,1,1,0,1,1,1,0.22360767628027875,0.9456258451329649
85,16,MLP,1,1,1,1,1,1,0,1,1,0.2785208443350772,1.2852764152502318
583,6,MLP,0,1,1,0,0,0,1,1,1,0.24472238908440105,1.0702811845559312
843,5,MLP,1,0,0,0,0,0,0,0,0,0.2774703218714557,1.2696325147993022
69,16,MLP,1,1,1,1,1,1,0,1,0,0.27851928376294693,1.2852131063914425
832,6,BOTH,0,0,0,0,0,0,0,1,1,0.2738502050226438,1.2520177779980803
791,6,BOTH,1,1,1,1,1,0,0,0,0,0.24004418914821263,1.0212157999572284
143,16,ATTENTION,1,1,1,1,0,1,1,1,1,0.27851928376294693,1.2852131063914425
969,5,ATTENTION,1,1,1,0,1,0,0,0,0,0.2471238321408462,1.0676891021204415
559,6,MLP,0,0,0,1,1,1,0,0,0,0.2785208443350772,1.2852764152502318
766,6,BOTH,1,0,1,0,0,0,0,0,0,0.23886700307804798,1.0361133355941472
281,8,MLP,0,0,0,0,0,0,1,1,1,0.2782263035104425,1.27793685233323
644,6,MLP,1,1,1,0,0,0,0,1,1,0.24353830880454738,1.0697924876921645
790,6,BOTH,1,1,1,1,1,0,1,1,1,0.21103952318293548,0.8578066688743715
980,5,ATTENTION,1,1,1,1,0,1,1,1,1,0.24615994463670327,1.066382255691063
1041,5,BOTH,1,1,0,0,0,0,0,0,0,0.10935555956491894,0.11442128167051405
83,16,MLP,0,0,0,1,1,1,1,0,1,0.2785271331383665,1.2852207375047249
479,8,BOTH,0,0,1,0,0,0,0,0,0,0.27898818275405773,1.2919026922898937
893,5,MLP,0,0,0,0,1,1,1,1,1,0.15421579093383528,0.2041313520068872
746,6,BOTH,0,0,0,0,0,0,1,1,1,0.24869652201794684,1.1075143853450542
959,5,ATTENTION,1,1,1,0,0,0,1,1,1,0.24590725982829476,1.064162286591715
378,8,ATTENTION,1,0,0,0,0,0,0,0,0,0.27860684232890154,1.2769395096927156
307,8,MLP,1,1,1,1,1,1,0,0,0,0.2785175866119606,1.2827405384338042
33,16,MLP,0,0,0,0,0,0,1,1,1,0.2785208443350772,1.2852764152502318
423,8,ATTENTION,1,1,1,1,0,1,0,0,0,0.2777725908052835,1.2765035954976804
432,8,ATTENTION,0,0,0,1,1,1,1,1,1,0.27863146981919407,1.282046248444813
499,8,BOTH,1,1,1,1,0,0,1,1,1,0.2747592897680344,1.2670839944821342
134,16,ATTENTION,0,0,0,0,1,0,0,0,0,0.2785208443350772,1.2852764152502318
197,16,BOTH,0,0,1,1,1,1,1,1,1,0.2785208443350772,1.2852764152502318
169,16,ATTENTION,0,0,0,0,0,0,0,0,1,0.2785208443350772,1.2852764152502318
133,16,ATTENTION,0,0,0,0,1,0,1,1,1,0.2785208443350772,1.2852764152502318
677,6,ATTENTION,0,1,1,0,0,0,0,0,0,0.2763820900666897,1.2733105074855793
941,5,ATTENTION,0,0,1,1,1,1,1,1,1,0.27784459711386017,1.2688236642441308
251,16,BOTH,1,1,1,1,1,1,1,0,0,0.27851928376294693,1.2852131063914425
213,16,BOTH,1,1,1,1,1,1,1,1,1,0.2785208443350772,1.2852764152502318
409,8,ATTENTION,0,0,0,1,0,0,0,0,0,0.27867508634709537,1.286455253756982
225,16,BOTH,1,1,1,0,1,0,0,0,0,0.27851928376294693,1.2852131063914425
1022,5,ATTENTION,0,0,0,0,0,0,1,1,1,0.2785208443350772,1.2852764152502318
334,8,MLP,1,1,1,0,1,1,0,0,0,0.2785175866119606,1.2827405384338042
23,16,MLP,0,1,1,1,1,1,1,1,1,0.2785208443350772,1.2852764152502318
68,16,MLP,0,0,0,0,0,0,1,0,0,0.2785208443350772,1.2852764152502318
749,6,BOTH,1,0,0,0,0,0,1,1,1,0.21288996717718184,0.8766733052166007
148,16,ATTENTION,1,1,1,0,1,1,0,0,0,0.27851928376294693,1.2852131063914425
38,16,MLP,1,1,1,0,1,0,1,1,1,0.2785208443350772,1.2852764152502318
578,6,MLP,1,0,1,1,1,1,0,0,0,0.24563211081179712,1.071955635726424
32,16,MLP,1,1,1,0,0,0,0,0,0,0.27851928376294693,1.2852131063914425
82,16,MLP,1,1,1,0,0,0,1,0,1,0.2785208443350772,1.2852764152502318
413,8,ATTENTION,0,0,0,0,1,0,0,0,0,0.2786918902321742,1.2866667145005517
817,6,BOTH,1,1,1,1,1,1,0,0,1,0.23422115808629712,0.9956873392875184
1009,5,ATTENTION,0,0,0,1,1,1,1,1,0,0.2776623289642982,1.2825037584404828
54,16,MLP,1,1,1,0,1,1,1,1,1,0.2785208443350772,1.2852764152502318
566,6,MLP,0,1,0,1,1,1,0,0,0,0.2788484384815949,1.2743942928292287
699,6,ATTENTION,0,0,0,1,1,0,1,1,1,0.2790987667292941,1.2851829380622215
340,8,MLP,0,0,0,1,1,1,0,0,0,0.2785208443350772,1.2852764152502318
897,5,MLP,0,0,0,1,1,1,1,1,1,0.15421579093383528,0.2041313520068872
891,5,MLP,1,1,1,0,1,1,1,1,1,0.024910531832376875,0.002102127233123678
847,5,MLP,0,1,0,0,0,0,0,0,0,0.171922920090422,0.5046970174400937
751,6,BOTH,0,1,0,1,1,1,1,1,1,0.24952347341640616,1.107500115613731
128,16,ATTENTION,1,1,1,1,0,0,0,0,0,0.27851928376294693,1.2852131063914425
551,8,BOTH,1,1,1,0,0,0,0,1,1,0.2753911852448229,1.2615484364234848
541,8,BOTH,0,0,0,0,0,0,0,0,1,0.2765231630057894,1.2749284659534106
678,6,ATTENTION,1,1,1,1,1,1,1,1,1,0.26693491760570304,1.195565473292705
455,8,ATTENTION,0,0,0,1,1,1,1,0,1,0.27863146981919407,1.282046248444813
327,8,MLP,0,0,0,1,1,0,1,1,1,0.2782263035104425,1.27793685233323
65,16,MLP,1,1,1,1,1,1,1,0,0,0.27851928376294693,1.2852131063914425
228,16,BOTH,1,1,1,0,0,1,1,1,1,0.2785208443350772,1.2852764152502318
991,5,ATTENTION,0,0,0,1,1,1,0,0,0,0.2776623289642982,1.2825037584404828
198,16,BOTH,0,0,1,1,1,1,0,0,0,0.27851928376294693,1.2852131063914425
403,8,ATTENTION,1,1,1,0,0,0,1,1,1,0.27786666840054836,1.2750848440269638
898,5,MLP,0,0,0,1,1,1,0,0,0,0.2785208443350772,1.2852764152502318
173,16,ATTENTION,0,0,0,0,0,0,1,1,0,0.2785208443350772,1.2852764152502318
579,6,MLP,1,0,1,0,0,0,1,1,1,0.21763350591009284,0.9108439119776628
6,16,MLP,1,0,0,0,0,0,0,0,0,0.27851928376294693,1.2852131063914425
321,8,MLP,1,1,1,0,0,1,1,1,1,0.2759322079683527,1.2689976569023262
865,5,MLP,1,1,1,1,1,1,0,0,0,0.11113121030875008,0.09994637640739873
21,16,MLP,1,0,1,0,0,0,1,1,1,0.2785271331383665,1.2852207375047249
797,6,BOTH,0,0,0,1,0,1,0,0,0,0.2791184606302948,1.2927169208854412
209,16,BOTH,0,1,1,1,1,1,1,1,1,0.2785208443350772,1.2852764152502318
13,16,MLP,0,0,1,0,0,0,1,1,1,0.2785208443350772,1.2852764152502318
422,8,ATTENTION,1,1,1,1,0,1,1,1,1,0.2777725908052835,1.2765035954976804
71,16,MLP,0,0,0,1,1,1,0,1,0,0.2785208443350772,1.2852764152502318
46,16,MLP,1,1,1,1,1,0,1,1,1,0.2785208443350772,1.2852764152502318
950,5,ATTENTION,1,0,1,1,1,1,0,0,0,0.2481728158004454,1.0844578498587758
651,6,ATTENTION,0,0,0,1,1,1,1,1,1,0.27864433211692125,1.2844142984448899
2,16,MLP,0,0,0,0,0,0,1,1,1,0.2785208443350772,1.2852764152502318
724,6,ATTENTION,1,1,1,1,1,1,0,0,1,0.26693491760570304,1.195565473292705
279,8,MLP,0,0,0,1,1,1,1,1,1,0.2782263035104425,1.27793685233323
1018,5,ATTENTION,0,0,0,0,0,0,0,1,1,0.2785208443350772,1.2852764152502318
853,5,MLP,1,1,0,1,1,1,0,0,0,0.16396410148291646,0.426462742278709
220,16,BOTH,1,1,1,1,0,0,1,1,1,0.2785208443350772,1.2852764152502318
407,8,ATTENTION,1,1,1,1,0,0,0,0,0,0.27785235604826847,1.2754256637988377
848,5,MLP,0,0,1,1,1,1,1,1,1,0.04171881703190073,0.024426738620835338
210,16,BOTH,0,1,1,1,1,1,0,0,0,0.27851928376294693,1.2852131063914425
291,8,MLP,0,0,1,1,1,1,0,0,0,0.27845807397681005,1.2866668110083783
672,6,ATTENTION,1,0,1,0,0,0,1,1,1,0.26749344002099323,1.1963048569484118
549,8,BOTH,0,0,0,0,0,0,1,0,1,0.2777163984324311,1.2737399136533656
349,8,MLP,1,1,1,0,0,0,0,1,0,0.27846944144292185,1.2794166082896719
728,6,ATTENTION,1,1,1,1,1,1,1,1,0,0.26693491760570304,1.195565473292705
659,6,ATTENTION,0,1,0,1,1,1,0,0,0,0.2802354583064926,1.2899365074131541
537,8,BOTH,0,0,0,0,0,0,0,1,0,0.27885490286904485,1.283110499675077
367,8,MLP,0,0,0,0,0,0,0,1,1,0.27766581784810523,1.2798128154931665
394,8,ATTENTION,1,0,1,0,0,0,0,0,0,0.2778245601628509,1.2773335901440535
141,16,ATTENTION,0,0,0,1,1,0,1,1,1,0.2785208443350772,1.2852764152502318
705,6,ATTENTION,1,1,1,0,1,1,1,1,1,0.26683148102536447,1.1942243670072044
975,5,ATTENTION,0,0,0,0,0,1,0,0,0,0.2771798313520781,1.2716402942290197
881,5,MLP,0,0,0,0,0,1,1,1,1,0.15421579093383528,0.2041313520068872
543,8,BOTH,1,1,1,0,0,0,1,1,0,0.27650082863143594,1.2744570646126427
1040,5,BOTH,1,1,0,0,0,0,1,1,1,0.027654585193341436,0.0041179132771991395
849,5,MLP,0,0,1,1,1,1,0,0,0,0.1983784508768255,0.605749775206855
1033,5,BOTH,0,1,0,0,0,0,0,0,0,0.1528097764452905,0.3658474567335876
961,5,ATTENTION,1,1,1,0,0,0,1,1,1,0.24590725982829476,1.064162286591715
553,8,BOTH,0,0,0,0,0,0,0,1,1,0.27766581784810523,1.2798128154931665
172,16,ATTENTION,0,0,0,1,1,1,1,1,0,0.2785208443350772,1.2852764152502318
241,16,BOTH,1,1,1,0,1,1,0,0,0,0.27851928376294693,1.2852131063914425
113,16,ATTENTION,1,0,1,1,1,1,0,0,0,0.27851928376294693,1.2852131063914425
620,6,MLP,1,1,1,1,1,1,0,0,0,0.24838447589699195,1.0891186992901516
652,6,ATTENTION,0,0,0,1,1,1,0,0,0,0.27864433211692125,1.2844142984448899
486,8,BOTH,1,0,1,0,0,0,1,1,1,0.276273183697163,1.268699751629733
488,8,BOTH,0,1,1,1,1,1,1,1,1,0.2775488391520109,1.2751290001648332
685,6,ATTENTION,1,1,1,1,0,0,1,1,1,0.26682024595075143,1.1896843029424926
869,5,MLP,1,1,1,0,0,0,0,0,0,0.11113121030875008,0.09994637640739873
380,8,ATTENTION,0,1,0,1,1,1,0,0,0,0.2791953277831269,1.2874662543802473
277,16,BOTH,0,0,0,1,1,1,1,1,1,0.2785271331383665,1.2852207375047249
158,16,ATTENTION,1,1,1,1,1,1,1,0,0,0.27851928376294693,1.2852131063914425
857,5,MLP,1,0,1,1,1,1,0,0,0,0.1930567993263047,0.5665579654511652
669,6,ATTENTION,1,1,0,0,0,0,0,0,0,0.26827700627396456,1.2148294819834442
702,6,ATTENTION,1,1,1,1,0,1,0,0,0,0.2672802911122937,1.1938525458231155
516,8,BOTH,1,1,1,1,0,1,0,0,0,0.27570561220088524,1.2669681987052694
758,6,BOTH,0,0,1,0,0,0,0,0,0,0.2736396569998379,1.213821624763057
52,16,MLP,0,0,0,1,0,1,1,1,1,0.2785208443350772,1.2852764152502318
266,16,BOTH,0,0,0,0,0,0,1,1,0,0.2785208443350772,1.2852764152502318
981,5,ATTENTION,1,1,1,1,0,1,0,0,0,0.24615994463670327,1.066382255691063
230,16,BOTH,0,0,0,0,0,1,1,1,1,0.2785271331383665,1.2852207375047249
610,6,MLP,0,0,0,1,0,1,1,1,1,0.24869652201794684,1.1075143853450542
1028,5,BOTH,1,0,0,0,0,0,1,1,1,0.12766156700889625,0.1517711868196604
888,5,MLP,1,1,1,1,0,1,0,0,0,0.11113121030875008,0.09994637640739873
226,16,BOTH,0,0,0,0,1,0,1,1,1,0.2785208443350772,1.2852764152502318
157,16,ATTENTION,0,0,0,1,1,1,0,0,0,0.2785208443350772,1.2852764152502318
311,8,MLP,1,1,1,0,0,0,0,0,0,0.2785175866119606,1.2827405384338042
135,16,ATTENTION,1,1,1,0,0,1,1,1,1,0.27851928376294693,1.2852131063914425
8,16,MLP,0,1,0,1,1,1,0,0,0,0.2785208443350772,1.2852764152502318
706,6,ATTENTION,1,1,1,0,1,1,0,0,0,0.26683148102536447,1.1942243670072044
217,16,BOTH,1,1,1,0,0,0,1,1,1,0.2785208443350772,1.2852764152502318
392,8,ATTENTION,1,0,1,1,1,1,0,0,0,0.277860544334632,1.2776053506689535
663,6,ATTENTION,0,0,1,1,1,1,0,0,0,0.2772981643605246,1.2759272420976968
433,8,ATTENTION,0,0,0,1,1,1,0,0,0,0.27863146981919407,1.282046248444813
1026,5,BOTH,1,0,0,1,1,1,1,1,1,0.12997785557526545,0.15023789362200932
841,5,MLP,1,0,0,1,1,1,0,0,0,0.2774703218714557,1.2696325147993022
647,6,MLP,1,1,1,1,1,1,1,1,1,0.22360767628027875,0.9456258451329649
451,8,ATTENTION,0,0,0,1,1,1,1,1,0,0.27863146981919407,1.282046248444813
535,8,BOTH,1,1,1,0,0,0,0,1,0,0.2753788095945758,1.2678232187861334
385,8,ATTENTION,0,0,1,0,0,0,1,1,1,0.2782746918060328,1.2802317233467815
600,6,MLP,1,1,1,0,0,1,1,1,1,0.22360767628027875,0.9456258451329649
554,8,BOTH,1,1,1,1,1,1,1,1,1,0.27460850662390995,1.2602041330414018
517,8,BOTH,0,0,0,1,0,1,1,1,1,0.2781223664857437,1.2791021924406718
514,8,BOTH,0,0,0,1,1,0,0,0,0,0.2786084714212416,1.2860592992203264
919,5,MLP,1,1,1,0,0,0,1,0,1,0.027885765470634743,0.004531311239061182
550,8,BOTH,1,1,1,1,1,1,0,1,1,0.27490054850060375,1.2565330557813452
887,5,MLP,1,1,1,1,0,1,1,1,1,0.024910531832376875,0.002102127233123678
43,16,MLP,1,1,1,0,0,1,0,0,0,0.27851928376294693,1.2852131063914425
331,8,MLP,0,0,0,1,0,1,1,1,1,0.2782263035104425,1.27793685233323
939,5,ATTENTION,0,1,0,0,0,0,1,1,1,0.2736147645144286,1.2510979090986016
243,16,BOTH,0,0,0,0,1,1,0,0,0,0.2785208443350772,1.2852764152502318
862,5,MLP,0,1,1,0,0,0,1,1,1,0.02544718530197197,0.001783744887800076
26,16,MLP,0,1,1,0,0,0,0,0,0,0.27851928376294693,1.2852131063914425
53,16,MLP,0,0,0,1,0,1,0,0,0,0.2785208443350772,1.2852764152502318
1020,5,ATTENTION,1,1,1,0,0,0,1,1,1,0.24590725982829476,1.064162286591715
247,16,BOTH,0,0,0,1,1,1,0,0,0,0.2785208443350772,1.2852764152502318
596,6,MLP,1,1,1,0,1,0,1,1,1,0.22360767628027875,0.9456258451329649
968,5,ATTENTION,1,1,1,0,1,0,1,1,1,0.2471238321408462,1.0676891021204415
453,8,ATTENTION,1,1,1,1,1,1,1,0,1,0.27771094013758973,1.2748510059248088
275,16,BOTH,1,1,1,1,1,1,1,1,1,0.2785208443350772,1.2852764152502318
1,16,MLP,0,0,0,1,1,1,0,0,0,0.2785208443350772,1.2852764152502318
487,8,BOTH,1,0,1,0,0,0,0,0,0,0.276791797084086,1.2759688137183771
79,16,MLP,0,0,0,1,1,1,1,1,0,0.2785208443350772,1.2852764152502318
427,8,ATTENTION,1,1,1,0,1,1,0,0,0,0.2777477582728702,1.2754794024471925
582,6,MLP,0,1,1,1,1,1,0,0,0,0.2739471172379809,1.239076980651023
999,5,ATTENTION,1,1,1,1,1,1,0,1,0,0.2471998820019974,1.0730299176968154
346,8,MLP,0,0,0,1,1,1,1,0,0,0.2790254016312323,1.2880884866838433
764,6,BOTH,1,0,1,1,1,1,0,0,0,0.24043679457751205,1.043376350520733
693,6,ATTENTION,1,1,1,0,0,1,1,1,1,0.26694868365010593,1.1931050194034412
835,6,BOTH,0,0,0,1,1,1,1,1,1,0.2501607002845491,1.1172199964203238
142,16,ATTENTION,0,0,0,1,1,0,0,0,0,0.2785208443350772,1.2852764152502318
425,8,ATTENTION,0,0,0,1,0,1,0,0,0,0.27887690363790396,1.2860107910331067
930,5,ATTENTION,0,0,0,1,1,1,1,1,1,0.2776623289642982,1.2825037584404828
643,6,MLP,1,1,1,1,1,1,0,1,1,0.24353830880454738,1.0697924876921645
720,6,ATTENTION,1,1,1,1,1,1,0,1,0,0.26693491760570304,1.195565473292705
395,8,ATTENTION,0,1,1,1,1,1,1,1,1,0.27926027342787335,1.2851944959596573
25,16,MLP,0,1,1,0,0,0,1,1,1,0.2785208443350772,1.2852764152502318
1035,5,BOTH,0,0,1,1,1,1,0,0,0,0.1819880809664886,0.4484459860956842
634,6,MLP,0,0,0,0,0,0,0,0,1,0.27510283318414686,1.2635236687151803
317,8,MLP,1,1,1,0,1,0,1,1,1,0.2759322079683527,1.2689976569023262
962,5,ATTENTION,1,1,1,0,0,0,0,0,0,0.24590725982829476,1.064162286591715
765,6,BOTH,1,0,1,0,0,0,1,1,1,0.21088703683062918,0.8538647319379713
442,8,ATTENTION,1,1,1,0,0,0,0,1,0,0.27786666840054836,1.2750848440269638
287,8,MLP,0,1,0,1,1,1,0,0,0,0.2777286509556288,1.2864078381400135
201,16,BOTH,1,1,0,1,1,1,1,1,1,0.2785208443350772,1.2852764152502318
494,8,BOTH,1,1,1,0,0,0,1,1,1,0.27472194569104263,1.2682233929175837
268,16,BOTH,1,1,1,0,0,0,1,0,1,0.27851928376294693,1.2852131063914425
809,6,BOTH,1,1,1,1,1,1,1,0,0,0.22244241275089152,0.9203994012779984
138,16,ATTENTION,0,0,0,0,0,1,0,0,0,0.2785208443350772,1.2852764152502318
590,6,MLP,1,1,1,0,0,0,0,0,0,0.24838447589699195,1.0891186992901516
1036,5,BOTH,0,0,1,0,0,0,1,1,1,0.032835654062822885,0.014281188256955455
609,6,MLP,1,1,1,1,0,1,0,0,0,0.24838447589699195,1.0891186992901516
294,8,MLP,1,1,0,1,1,1,1,1,1,0.27623921848786237,1.2763741517185474
656,6,ATTENTION,1,0,0,0,0,0,1,1,1,0.26819480403062185,1.2135113915959301
60,16,MLP,0,0,0,1,1,1,1,1,1,0.2785208443350772,1.2852764152502318
955,5,ATTENTION,0,1,1,0,0,0,1,1,1,0.273375655232794,1.2415256949104028
773,6,BOTH,1,1,1,0,0,0,1,1,1,0.2099539593861813,0.8535081970923823
332,8,MLP,0,0,0,1,0,1,0,0,0,0.2785208443350772,1.2852764152502318
376,8,ATTENTION,1,0,0,1,1,1,0,0,0,0.2784052867414102,1.276873452003259
98,16,ATTENTION,1,0,0,0,0,0,1,1,1,0.2785208443350772,1.2852764152502318
666,6,ATTENTION,1,1,0,1,1,1,1,1,1,0.2683083679569595,1.2215813466038776
778,6,BOTH,1,1,1,1,0,0,1,1,1,0.20995837725935296,0.8530335442956154
631,6,MLP,1,1,1,1,1,1,0,0,1,0.2451005301032916,1.0688967668239902
945,5,ATTENTION,1,1,0,1,1,1,1,1,1,0.24352949436973714,1.0593152267457362
703,6,ATTENTION,0,0,0,1,0,1,1,1,1,0.2791184606302948,1.2927169208854412
770,6,BOTH,0,1,1,0,0,0,0,0,0,0.2709418738271594,1.2162798016080751
444,8,ATTENTION,0,0,0,0,0,0,0,1,0,0.2785208443350772,1.2852764152502318
523,8,BOTH,1,1,1,1,1,1,1,1,1,0.27460850662390995,1.2602041330414018
738,6,ATTENTION,0,0,0,1,1,1,0,1,1,0.27864433211692125,1.2844142984448899
383,8,ATTENTION,0,0,1,1,1,1,1,1,1,0.27847815888832433,1.2784938557394694
845,5,MLP,0,1,0,1,1,1,0,0,0,0.171922920090422,0.5046970174400937
50,16,MLP,1,1,1,1,0,1,1,1,1,0.2785208443350772,1.2852764152502318
51,16,MLP,1,1,1,1,0,1,0,0,0,0.27851928376294693,1.2852131063914425
623,6,MLP,1,1,1,1,1,1,1,0,0,0.23223688175121188,0.9806922560663088
716,6,ATTENTION,1,1,1,1,1,1,1,0,0,0.26693491760570304,1.195565473292705
859,5,MLP,1,0,1,0,0,0,0,0,0,0.1930567993263047,0.5665579654511652
102,16,ATTENTION,0,1,0,0,0,0,1,1,1,0.2785208443350772,1.2852764152502318
904,5,MLP,0,0,0,1,1,1,1,0,0,0.15402903823507338,0.24273057431172346
970,5,ATTENTION,0,0,0,0,1,0,1,1,1,0.27877053196487334,1.285788937470552
989,5,ATTENTION,1,1,1,1,1,1,0,0,0,0.2471998820019974,1.0730299176968154
925,5,MLP,0,0,0,0,0,0,0,1,1,0.2734032028558518,1.2497966995994927
615,6,MLP,0,0,0,0,1,1,0,0,0,0.2785208443350772,1.2852764152502318
72,16,MLP,0,0,0,0,0,0,0,1,0,0.2785208443350772,1.2852764152502318
719,6,ATTENTION,0,0,0,0,0,0,1,0,0,0.2785208443350772,1.2852764152502318
195,16,BOTH,0,1,0,0,0,0,1,1,1,0.2785208443350772,1.2852764152502318
964,5,ATTENTION,1,1,1,1,0,0,1,1,1,0.246622462126641,1.0632478022306597
826,6,BOTH,1,1,1,0,0,0,1,0,1,0.216127661536614,0.8802733034138973
612,6,MLP,1,1,1,0,1,1,1,1,1,0.22360767628027875,0.9456258451329649
304,8,MLP,0,1,1,0,0,0,1,1,1,0.2770992232986698,1.2789644953435022
387,8,ATTENTION,1,1,0,1,1,1,1,1,1,0.2779149710897562,1.2756722286659423
792,6,BOTH,0,0,0,1,1,0,1,1,1,0.24916184899311117,1.116534001856794
338,8,MLP,1,1,1,1,1,1,0,0,0,0.2785175866119606,1.2827405384338042
235,16,BOTH,0,0,0,1,1,0,0,0,0,0.2785208443350772,1.2852764152502318
695,6,ATTENTION,0,0,0,0,0,1,1,1,1,0.2783639808339153,1.2886995400969599
637,6,MLP,0,0,0,1,1,1,1,1,0,0.2528776604602209,1.1255468642962605
815,6,BOTH,0,0,0,1,1,1,0,1,0,0.2796888107334777,1.289288594381176
81,16,MLP,1,1,1,1,1,1,1,0,1,0.2785208443350772,1.2852764152502318
267,16,BOTH,1,1,1,1,1,1,1,0,1,0.27851928376294693,1.2852131063914425
775,6,BOTH,1,1,1,0,0,0,1,1,1,0.2099539593861813,0.8535081970923823
874,5,MLP,0,0,0,1,0,0,0,0,0,0.2785208443350772,1.2852764152502318
37,16,MLP,0,0,0,1,0,0,0,0,0,0.2785208443350772,1.2852764152502318
493,8,BOTH,1,1,1,1,1,1,0,0,0,0.27571901571095014,1.267514579489813
870,5,MLP,0,0,0,0,0,0,1,1,1,0.15421579093383528,0.2041313520068872
452,8,ATTENTION,0,0,0,0,0,0,1,1,0,0.2785208443350772,1.2852764152502318
816,6,BOTH,0,0,0,0,0,0,0,1,0,0.2788686539253022,1.2826645878633953
1006,5,ATTENTION,0,0,0,0,0,0,0,0,1,0.2785208443350772,1.2852764152502318
743,6,ATTENTION,0,0,0,0,0,0,1,1,1,0.2785208443350772,1.2852764152502318
474,8,BOTH,0,1,0,0,0,0,1,1,1,0.27816002977944765,1.2884221216685736
137,16,ATTENTION,0,0,0,0,0,1,1,1,1,0.2785208443350772,1.2852764152502318
322,8,MLP,1,1,1,0,0,1,0,0,0,0.2785175866119606,1.2827405384338042
542,8,BOTH,1,1,1,1,1,1,1,1,0,0.27544659406510846,1.2635960278737488
16,16,MLP,1,1,0,1,1,1,0,0,0,0.27851928376294693,1.2852131063914425
709,6,ATTENTION,1,1,1,1,1,1,1,1,1,0.26693491760570304,1.195565473292705
119,16,ATTENTION,0,1,1,0,0,0,0,0,0,0.27851928376294693,1.2852131063914425
1037,5,BOTH,0,0,1,0,0,0,0,0,0,0.18298665707832026,0.4592460685967142
995,5,ATTENTION,1,1,1,1,1,1,1,0,0,0.2471998820019974,1.0730299176968154
896,5,MLP,1,1,1,1,1,1,0,0,0,0.11113121030875008,0.09994637640739873
548,8,BOTH,0,0,0,1,1,1,1,0,1,0.2779549160424475,1.2751676682717625
586,6,MLP,1,1,1,1,1,1,0,0,0,0.24838447589699195,1.0891186992901516
601,6,MLP,1,1,1,0,0,1,0,0,0,0.24838447589699195,1.0891186992901516
29,16,MLP,1,1,1,0,0,0,1,1,1,0.2785208443350772,1.2852764152502318
1003,5,ATTENTION,1,1,1,1,1,1,0,0,1,0.2471998820019974,1.0730299176968154
742,6,ATTENTION,0,0,0,1,1,1,1,1,1,0.27864433211692125,1.2844142984448899
511,8,BOTH,1,1,1,1,1,0,1,1,1,0.27388304593563145,1.2566876957689233
569,6,MLP,0,0,1,1,1,1,1,1,1,0.24530741077642598,1.0656184638153254
164,16,ATTENTION,0,0,0,1,1,1,0,1,0,0.2785208443350772,1.2852764152502318
159,16,ATTENTION,1,1,1,0,0,0,1,0,0,0.27851928376294693,1.2852131063914425
11,16,MLP,0,0,1,1,1,1,1,1,1,0.2785208443350772,1.2852764152502318
18,16,MLP,1,1,0,0,0,0,0,0,0,0.27851928376294693,1.2852131063914425
757,6,BOTH,0,0,1,0,0,0,1,1,1,0.2410417320574786,1.0442243791127093
977,5,ATTENTION,1,1,1,1,1,0,0,0,0,0.24741109540471898,1.0680755721058404
202,16,BOTH,1,1,0,1,1,1,0,0,0,0.27851928376294693,1.2852131063914425
696,6,ATTENTION,0,0,0,0,0,1,0,0,0,0.2783639808339153,1.2886995400969599
948,5,ATTENTION,1,1,0,0,0,0,0,0,0,0.2437783593294584,1.0579008594587163
203,16,BOTH,1,1,0,0,0,0,1,1,1,0.2785208443350772,1.2852764152502318
447,8,ATTENTION,0,0,0,1,1,1,0,0,1,0.27863146981919407,1.282046248444813
174,16,ATTENTION,1,1,1,1,1,1,1,0,1,0.27851928376294693,1.2852131063914425
876,5,MLP,1,1,1,0,1,0,0,0,0,0.11113121030875008,0.09994637640739873
918,5,MLP,1,1,1,1,1,1,1,0,1,0.027885765470634743,0.004531311239061182
87,16,MLP,0,0,0,1,1,1,0,1,1,0.2785208443350772,1.2852764152502318
445,8,ATTENTION,1,1,1,1,1,1,0,0,1,0.27771094013758973,1.2748510059248088
80,16,MLP,0,0,0,0,0,0,1,1,0,0.2785208443350772,1.2852764152502318
947,5,ATTENTION,1,1,0,0,0,0,1,1,1,0.2437783593294584,1.0579008594587163
190,16,BOTH,1,0,0,1,1,1,0,0,0,0.27851928376294693,1.2852131063914425
261,16,BOTH,0,0,0,1,1,1,0,0,1,0.2785208443350772,1.2852764152502318
381,8,ATTENTION,0,1,0,0,0,0,1,1,1,0.2790376003563913,1.2863752172658947
469,8,BOTH,1,0,0,1,1,1,0,0,0,0.2768415899886938,1.2718700450886455
796,6,BOTH,0,0,0,1,0,1,1,1,1,0.2498804068702406,1.1150401883786112
713,6,ATTENTION,1,1,1,1,1,1,0,0,0,0.26693491760570304,1.195565473292705
400,8,ATTENTION,1,1,1,1,1,1,0,0,0,0.27771094013758973,1.2748510059248088
144,16,ATTENTION,1,1,1,1,0,1,0,0,0,0.27851928376294693,1.2852131063914425
851,5,MLP,0,0,1,0,0,0,0,0,0,0.1983784508768255,0.605749775206855
41,16,MLP,0,0,0,0,1,0,0,0,0,0.2785208443350772,1.2852764152502318
635,6,MLP,1,1,1,1,1,1,1,1,0,0.22833839115341947,0.9533837319079607
246,16,BOTH,0,0,0,1,1,1,1,1,1,0.2785271331383665,1.2852207375047249
363,8,MLP,0,0,0,0,0,0,1,0,1,0.2777163984324311,1.2737399136533656
575,6,MLP,1,1,0,0,0,0,1,1,1,0.23022235280391243,0.9755706542717394
459,8,ATTENTION,0,0,0,1,1,1,0,1,1,0.27863146981919407,1.282046248444813
379,8,ATTENTION,0,1,0,1,1,1,1,1,1,0.2791953277831269,1.2874662543802473
867,5,MLP,1,1,1,0,0,0,0,0,0,0.11113121030875008,0.09994637640739873
370,8,MLP,0,0,0,1,1,1,1,1,1,0.2782263035104425,1.27793685233323
152,16,ATTENTION,1,1,1,1,1,1,0,0,0,0.27851928376294693,1.2852131063914425
734,6,ATTENTION,0,0,0,1,1,1,1,0,1,0.27864433211692125,1.2844142984448899
5,16,MLP,1,0,0,0,0,0,1,1,1,0.2785271331383665,1.2852207375047249
125,16,ATTENTION,1,1,1,0,0,0,0,0,0,0.27851928376294693,1.2852131063914425
464,8,ATTENTION,0,0,0,0,0,0,1,1,1,0.2785208443350772,1.2852764152502318
256,16,BOTH,1,1,1,0,0,0,0,1,0,0.27851928376294693,1.2852131063914425
320,8,MLP,0,0,0,0,1,0,0,0,0,0.2785208443350772,1.2852764152502318
170,16,ATTENTION,1,1,1,1,1,1,1,1,0,0.27851928376294693,1.2852131063914425
641,6,MLP,0,0,0,1,1,1,1,0,1,0.25173830425671206,1.1244581552414106
181,16,ATTENTION,0,0,0,0,0,0,0,1,1,0.2785208443350772,1.2852764152502318
1025,5,BOTH,0,0,0,0,0,0,1,1,1,0.15421579093383528,0.2041313520068872
396,8,ATTENTION,0,1,1,1,1,1,0,0,0,0.27926027342787335,1.2851944959596573
194,16,BOTH,0,1,0,1,1,1,0,0,0,0.2785208443350772,1.2852764152502318
286,8,MLP,0,1,0,1,1,1,1,1,1,0.27761889123578987,1.2846460678929326
714,6,ATTENTION,1,1,1,0,0,0,0,0,0,0.2670303343691356,1.1889801617742006
126,16,ATTENTION,0,0,0,0,0,0,1,1,1,0.2785208443350772,1.2852764152502318
916,5,MLP,0,0,0,1,1,1,1,1,0,0.1546805814281058,0.21180345039725168
808,6,BOTH,0,0,0,1,1,1,0,0,0,0.27864433211692125,1.2844142984448899
565,6,MLP,0,1,0,1,1,1,1,1,1,0.251203553644076,1.1147084833660734
132,16,ATTENTION,1,1,1,0,1,0,0,0,0,0.27851928376294693,1.2852131063914425
347,8,MLP,0,0,0,0,0,0,1,0,0,0.2790254016312323,1.2880884866838433
249,16,BOTH,1,1,1,0,0,0,0,0,0,0.27851928376294693,1.2852131063914425
777,6,BOTH,0,0,0,0,0,0,1,1,1,0.24869652201794684,1.1075143853450542
825,6,BOTH,1,1,1,1,1,1,1,0,1,0.2156725598419784,0.8801352722744639
19,16,MLP,1,0,1,1,1,1,1,1,1,0.2785271331383665,1.2852207375047249
636,6,MLP,1,1,1,0,0,0,1,1,0,0.22833839115341947,0.9533837319079607
733,6,ATTENTION,1,1,1,0,0,0,1,0,1,0.2670303343691356,1.1889801617742006
454,8,ATTENTION,1,1,1,0,0,0,1,0,1,0.27786666840054836,1.2750848440269638
814,6,BOTH,1,1,1,0,0,0,0,1,0,0.23806899680768703,1.0168905724519102
364,8,MLP,1,1,1,1,1,1,0,1,1,0.2752278215875684,1.2587851895524917
798,6,BOTH,1,1,1,0,1,1,1,1,1,0.21127206701486548,0.8595532037594198
640,6,MLP,1,1,1,0,0,0,1,0,1,0.2280060731888468,0.9635073121090568
823,6,BOTH,0,0,0,1,1,1,1,1,0,0.2538011083962787,1.1328770438454392
27,16,MLP,1,1,1,1,1,1,1,1,1,0.2785208443350772,1.2852764152502318
120,16,ATTENTION,1,1,1,1,1,1,1,1,1,0.27851928376294693,1.2852131063914425
342,8,MLP,1,1,1,0,0,0,0,0,0,0.2785175866119606,1.2827405384338042
812,6,BOTH,0,0,0,0,0,0,1,0,0,0.2562869742020571,1.1504287359484224
633,6,MLP,0,0,0,1,1,1,0,0,1,0.27510283318414686,1.2635236687151803
127,16,ATTENTION,1,1,1,1,0,0,1,1,1,0.27851928376294693,1.2852131063914425
24,16,MLP,0,1,1,1,1,1,0,0,0,0.27851928376294693,1.2852131063914425
371,8,MLP,0,0,0,0,0,0,1,1,1,0.2782263035104425,1.27793685233323
831,6,BOTH,0,0,0,1,1,1,0,1,1,0.2727585824536349,1.2475522990364853
313,8,MLP,1,1,1,1,0,0,1,1,1,0.2759322079683527,1.2689976569023262
597,6,MLP,1,1,1,0,1,0,0,0,0,0.24838447589699195,1.0891186992901516
613,6,MLP,1,1,1,0,1,1,0,0,0,0.24838447589699195,1.0891186992901516
787,6,BOTH,1,1,1,0,0,1,0,0,0,0.2409308904256915,1.0334011052424148
382,8,ATTENTION,0,1,0,0,0,0,0,0,0,0.2790376003563913,1.2863752172658947
99,16,ATTENTION,1,0,0,0,0,0,0,0,0,0.2785208443350772,1.2852764152502318
491,8,BOTH,0,1,1,0,0,0,0,0,0,0.27913406548381126,1.2861315656245105
310,8,MLP,1,1,1,0,0,0,1,1,1,0.2759322079683527,1.2689976569023262
397,8,ATTENTION,0,1,1,0,0,0,1,1,1,0.27881525766042176,1.2843142514856616
976,5,ATTENTION,1,1,1,1,1,0,1,1,1,0.24741109540471898,1.0680755721058404
1005,5,ATTENTION,0,0,0,1,1,1,0,0,1,0.2776623289642982,1.2825037584404828
490,8,BOTH,0,1,1,0,0,0,1,1,1,0.27757529685545806,1.2767695002114339
22,16,MLP,1,0,1,0,0,0,0,0,0,0.27851928376294693,1.2852131063914425
350,8,MLP,0,0,0,1,1,1,0,1,0,0.27885490286904485,1.283110499675077
324,8,MLP,0,0,0,0,0,1,0,0,0,0.2785208443350772,1.2852764152502318
260,16,BOTH,1,1,1,0,0,0,0,0,1,0.27851928376294693,1.2852131063914425
326,8,MLP,1,1,1,1,1,0,0,0,0,0.2785175866119606,1.2827405384338042
330,8,MLP,1,1,1,1,0,1,0,0,0,0.2785175866119606,1.2827405384338042
967,5,ATTENTION,0,0,0,1,0,0,0,0,0,0.2798619730045026,1.2903313877919715
660,6,ATTENTION,0,1,0,0,0,0,1,1,1,0.27826813793665484,1.284306905324892
416,8,ATTENTION,0,0,0,0,0,1,1,1,1,0.27868335101333513,1.2851337716252758
339,8,MLP,0,0,0,1,1,1,1,1,1,0.2782263035104425,1.27793685233323
624,6,MLP,1,1,1,0,0,0,1,0,0,0.23223688175121188,0.9806922560663088
655,6,ATTENTION,1,0,0,1,1,1,0,0,0,0.26920456911602114,1.2220023537681952
860,5,MLP,0,1,1,1,1,1,1,1,1,0.02544718530197197,0.001783744887800076
290,8,MLP,0,0,1,1,1,1,1,1,1,0.27758766826775205,1.2766517815948681
365,8,MLP,1,1,1,0,0,0,0,1,1,0.2752278215875684,1.2587851895524917
664,6,ATTENTION,0,0,1,0,0,0,1,1,1,0.27742247090886657,1.2716178257498425
684,6,ATTENTION,0,0,0,0,0,0,1,1,1,0.2785208443350772,1.2852764152502318
146,16,ATTENTION,0,0,0,1,0,1,0,0,0,0.2785208443350772,1.2852764152502318
103,16,ATTENTION,0,1,0,0,0,0,0,0,0,0.2785208443350772,1.2852764152502318
424,8,ATTENTION,0,0,0,1,0,1,1,1,1,0.27887690363790396,1.2860107910331067
471,8,BOTH,1,0,0,0,0,0,0,0,0,0.27612605795500533,1.2670422839521134
994,5,ATTENTION,0,0,0,1,1,1,0,0,0,0.2776623289642982,1.2825037584404828
868,5,MLP,1,1,1,0,0,0,1,1,1,0.024910531832376875,0.002102127233123678
963,5,ATTENTION,0,0,0,0,0,0,1,1,1,0.2785208443350772,1.2852764152502318
208,16,BOTH,1,0,1,0,0,0,0,0,0,0.27851928376294693,1.2852131063914425
1024,5,BOTH,0,0,0,1,1,1,0,0,0,0.2776623289642982,1.2825037584404828
978,5,ATTENTION,0,0,0,1,1,0,1,1,1,0.27896180937886234,1.2891420534239222
118,16,ATTENTION,0,1,1,0,0,0,1,1,1,0.27851928376294693,1.2852131063914425
415,8,ATTENTION,1,1,1,0,0,1,0,0,0,0.2777843184359699,1.2760573780551427
9,16,MLP,0,1,0,0,0,0,1,1,1,0.2785208443350772,1.2852764152502318
273,16,BOTH,0,0,0,1,1,1,0,1,1,0.2785208443350772,1.2852764152502318
739,6,ATTENTION,0,0,0,0,0,0,0,1,1,0.2785208443350772,1.2852764152502318
570,6,MLP,0,0,1,1,1,1,0,0,0,0.27415610012228897,1.2269695703528734
86,16,MLP,1,1,1,0,0,0,0,1,1,0.2785208443350772,1.2852764152502318
204,16,BOTH,1,1,0,0,0,0,0,0,0,0.27851928376294693,1.2852131063914425
552,8,BOTH,0,0,0,1,1,1,0,1,1,0.2777330787996968,1.280437761192902
966,5,ATTENTION,0,0,0,1,0,0,1,1,1,0.2798619730045026,1.2903313877919715
473,8,BOTH,0,1,0,1,1,1,0,0,0,0.27756267421884423,1.2894674025550734
836,6,BOTH,0,0,0,0,0,0,1,1,1,0.24869652201794684,1.1075143853450542
264,16,BOTH,1,1,1,0,0,0,1,1,0,0.27851928376294693,1.2852131063914425
